[{"model": "admin.logentry", "pk": 1, "fields": {"action_time": "2025-03-16T16:36:46.296Z", "user": 1, "content_type": 4, "object_id": "1", "object_repr": "om - teacher", "action_flag": 2, "change_message": "[{\"changed\": {\"fields\": [\"Role\"]}}]"}}, {"model": "admin.logentry", "pk": 2, "fields": {"action_time": "2025-03-16T16:36:59.777Z", "user": 1, "content_type": 4, "object_id": "1", "object_repr": "om - principle", "action_flag": 2, "change_message": "[{\"changed\": {\"fields\": [\"Role\"]}}]"}}, {"model": "admin.logentry", "pk": 3, "fields": {"action_time": "2025-03-17T15:49:50.444Z", "user": 1, "content_type": 4, "object_id": "3", "object_repr": "Akshada - student", "action_flag": 3, "change_message": ""}}, {"model": "admin.logentry", "pk": 4, "fields": {"action_time": "2025-03-17T15:49:50.444Z", "user": 1, "content_type": 4, "object_id": "2", "object_repr": "ommie - teacher", "action_flag": 3, "change_message": ""}}, {"model": "admin.logentry", "pk": 5, "fields": {"action_time": "2025-03-17T16:32:00.627Z", "user": 1, "content_type": 4, "object_id": "5", "object_repr": "daya - student", "action_flag": 3, "change_message": ""}}, {"model": "admin.logentry", "pk": 6, "fields": {"action_time": "2025-03-17T16:32:00.628Z", "user": 1, "content_type": 4, "object_id": "4", "object_repr": "Akshada - student", "action_flag": 3, "change_message": ""}}, {"model": "admin.logentry", "pk": 7, "fields": {"action_time": "2025-03-17T17:00:50.906Z", "user": 1, "content_type": 8, "object_id": "1", "object_repr": "Akshada", "action_flag": 3, "change_message": ""}}, {"model": "admin.logentry", "pk": 8, "fields": {"action_time": "2025-03-17T17:00:58.594Z", "user": 1, "content_type": 4, "object_id": "6", "object_repr": "Akshada - student", "action_flag": 3, "change_message": ""}}, {"model": "admin.logentry", "pk": 9, "fields": {"action_time": "2025-03-17T17:04:57.491Z", "user": 1, "content_type": 4, "object_id": "7", "object_repr": "Akshada - teacher", "action_flag": 3, "change_message": ""}}, {"model": "admin.logentry", "pk": 10, "fields": {"action_time": "2025-03-17T17:07:52.671Z", "user": 1, "content_type": 4, "object_id": "1", "object_repr": "om - principal", "action_flag": 2, "change_message": "[{\"changed\": {\"fields\": [\"Role\"]}}]"}}, {"model": "admin.logentry", "pk": 11, "fields": {"action_time": "2025-03-18T10:24:05.823Z", "user": 1, "content_type": 9, "object_id": "1", "object_repr": "daya - pending", "action_flag": 1, "change_message": "[{\"added\": {}}]"}}, {"model": "admin.logentry", "pk": 12, "fields": {"action_time": "2025-03-18T10:24:13.768Z", "user": 1, "content_type": 9, "object_id": "1", "object_repr": "daya - pending", "action_flag": 3, "change_message": ""}}, {"model": "admin.logentry", "pk": 13, "fields": {"action_time": "2025-03-18T12:02:59.132Z", "user": 1, "content_type": 4, "object_id": "8", "object_repr": "Akshada - teacher", "action_flag": 2, "change_message": "[{\"changed\": {\"fields\": [\"Role\"]}}]"}}, {"model": "admin.logentry", "pk": 14, "fields": {"action_time": "2025-03-19T02:04:49.751Z", "user": 1, "content_type": 9, "object_id": "3", "object_repr": "ommie - pending", "action_flag": 2, "change_message": "[{\"changed\": {\"fields\": [\"Authority remark\"]}}]"}}, {"model": "admin.logentry", "pk": 15, "fields": {"action_time": "2025-03-19T02:12:48.194Z", "user": 1, "content_type": 9, "object_id": "3", "object_repr": "ommie - pending", "action_flag": 2, "change_message": "[{\"changed\": {\"fields\": [\"Authority remark\"]}}]"}}, {"model": "admin.logentry", "pk": 16, "fields": {"action_time": "2025-03-19T02:15:00.127Z", "user": 1, "content_type": 9, "object_id": "3", "object_repr": "ommie - pending", "action_flag": 2, "change_message": "[{\"changed\": {\"fields\": [\"Authority remark\"]}}]"}}, {"model": "admin.logentry", "pk": 17, "fields": {"action_time": "2025-03-19T02:15:57.750Z", "user": 1, "content_type": 9, "object_id": "3", "object_repr": "ommie - pending", "action_flag": 2, "change_message": "[{\"changed\": {\"fields\": [\"Authority remark\", \"Status\"]}}]"}}, {"model": "admin.logentry", "pk": 18, "fields": {"action_time": "2025-03-19T03:06:45.277Z", "user": 1, "content_type": 9, "object_id": "3", "object_repr": "ommie - pending", "action_flag": 2, "change_message": "[{\"changed\": {\"fields\": [\"Cc remark\", \"Feedback\", \"Status\"]}}]"}}, {"model": "admin.logentry", "pk": 19, "fields": {"action_time": "2025-03-19T03:07:46.208Z", "user": 1, "content_type": 9, "object_id": "3", "object_repr": "ommie - pending", "action_flag": 2, "change_message": "[{\"changed\": {\"fields\": [\"Cc remark\", \"Feedback\", \"Status\"]}}]"}}, {"model": "admin.logentry", "pk": 20, "fields": {"action_time": "2025-03-19T03:08:24.017Z", "user": 1, "content_type": 9, "object_id": "3", "object_repr": "ommie - pending", "action_flag": 2, "change_message": "[{\"changed\": {\"fields\": [\"Cc remark\", \"Feedback\", \"Status\"]}}]"}}, {"model": "admin.logentry", "pk": 21, "fields": {"action_time": "2025-03-19T03:19:26.658Z", "user": 1, "content_type": 4, "object_id": "12", "object_repr": "Geeta - student", "action_flag": 3, "change_message": ""}}, {"model": "admin.logentry", "pk": 22, "fields": {"action_time": "2025-03-19T03:20:47.491Z", "user": 1, "content_type": 4, "object_id": "13", "object_repr": "Geeta - student", "action_flag": 3, "change_message": ""}}, {"model": "admin.logentry", "pk": 23, "fields": {"action_time": "2025-04-17T16:12:03.479Z", "user": 1, "content_type": 4, "object_id": "17", "object_repr": "ashish - teacher", "action_flag": 3, "change_message": ""}}, {"model": "admin.logentry", "pk": 24, "fields": {"action_time": "2025-04-17T16:12:03.479Z", "user": 1, "content_type": 4, "object_id": "16", "object_repr": "suyash - student", "action_flag": 3, "change_message": ""}}, {"model": "admin.logentry", "pk": 25, "fields": {"action_time": "2025-04-17T16:12:03.479Z", "user": 1, "content_type": 4, "object_id": "15", "object_repr": "yogitabhise - teacher", "action_flag": 3, "change_message": ""}}, {"model": "admin.logentry", "pk": 26, "fields": {"action_time": "2025-04-17T16:12:03.480Z", "user": 1, "content_type": 4, "object_id": "14", "object_repr": "Geeta - student", "action_flag": 3, "change_message": ""}}, {"model": "admin.logentry", "pk": 27, "fields": {"action_time": "2025-04-17T16:12:03.480Z", "user": 1, "content_type": 4, "object_id": "11", "object_repr": "ommie - student", "action_flag": 3, "change_message": ""}}, {"model": "admin.logentry", "pk": 28, "fields": {"action_time": "2025-04-17T16:12:03.480Z", "user": 1, "content_type": 4, "object_id": "10", "object_repr": "omjadhav - teacher", "action_flag": 3, "change_message": ""}}, {"model": "admin.logentry", "pk": 29, "fields": {"action_time": "2025-04-17T16:12:03.480Z", "user": 1, "content_type": 4, "object_id": "9", "object_repr": "daya - student", "action_flag": 3, "change_message": ""}}, {"model": "admin.logentry", "pk": 30, "fields": {"action_time": "2025-04-17T16:12:03.480Z", "user": 1, "content_type": 4, "object_id": "8", "object_repr": "Akshada - teacher", "action_flag": 3, "change_message": ""}}, {"model": "admin.logentry", "pk": 31, "fields": {"action_time": "2025-04-17T16:46:14.174Z", "user": 1, "content_type": 10, "object_id": "1", "object_repr": "SYBTECH - Regular", "action_flag": 1, "change_message": "[{\"added\": {}}]"}}, {"model": "admin.logentry", "pk": 32, "fields": {"action_time": "2025-04-17T16:51:32.748Z", "user": 1, "content_type": 11, "object_id": "1", "object_repr": "PS (SYBTECH)", "action_flag": 1, "change_message": "[{\"added\": {}}]"}}, {"model": "admin.logentry", "pk": 33, "fields": {"action_time": "2025-04-18T02:51:32.956Z", "user": 1, "content_type": 4, "object_id": "18", "object_repr": "test - student", "action_flag": 3, "change_message": ""}}, {"model": "admin.logentry", "pk": 34, "fields": {"action_time": "2025-04-18T03:53:26.924Z", "user": 1, "content_type": 10, "object_id": "1", "object_repr": "SYBTECH - Regular", "action_flag": 3, "change_message": ""}}, {"model": "admin.logentry", "pk": 35, "fields": {"action_time": "2025-04-18T03:57:15.459Z", "user": 1, "content_type": 14, "object_id": "1", "object_repr": "AIDS", "action_flag": 1, "change_message": "[{\"added\": {}}]"}}, {"model": "admin.logentry", "pk": 36, "fields": {"action_time": "2025-04-18T03:57:46.941Z", "user": 1, "content_type": 10, "object_id": "2", "object_repr": "SYBTECH - Regular", "action_flag": 1, "change_message": "[{\"added\": {}}]"}}, {"model": "admin.logentry", "pk": 37, "fields": {"action_time": "2025-04-18T03:58:11.275Z", "user": 1, "content_type": 11, "object_id": "2", "object_repr": "SE (SYBTECH)", "action_flag": 1, "change_message": "[{\"added\": {}}]"}}, {"model": "admin.logentry", "pk": 38, "fields": {"action_time": "2025-04-18T04:00:20.374Z", "user": 1, "content_type": 12, "object_id": "1", "object_repr": "Nachiket - SE: 80%", "action_flag": 1, "change_message": "[{\"added\": {}}]"}}, {"model": "admin.logentry", "pk": 39, "fields": {"action_time": "2025-04-18T04:04:22.697Z", "user": 1, "content_type": 14, "object_id": "2", "object_repr": "Computer", "action_flag": 1, "change_message": "[{\"added\": {}}]"}}, {"model": "admin.logentry", "pk": 40, "fields": {"action_time": "2025-04-18T04:04:29.093Z", "user": 1, "content_type": 14, "object_id": "1", "object_repr": "AIDS", "action_flag": 2, "change_message": "[{\"changed\": {\"fields\": [\"Code\"]}}]"}}, {"model": "admin.logentry", "pk": 41, "fields": {"action_time": "2025-04-18T04:04:43.150Z", "user": 1, "content_type": 14, "object_id": "3", "object_repr": "CSD", "action_flag": 1, "change_message": "[{\"added\": {}}]"}}, {"model": "admin.logentry", "pk": 42, "fields": {"action_time": "2025-04-18T04:05:14.253Z", "user": 1, "content_type": 10, "object_id": "3", "object_repr": "SYBTECH - Morning", "action_flag": 1, "change_message": "[{\"added\": {}}]"}}, {"model": "admin.logentry", "pk": 43, "fields": {"action_time": "2025-04-18T04:05:36.967Z", "user": 1, "content_type": 10, "object_id": "4", "object_repr": "TYBTECH - Morning", "action_flag": 1, "change_message": "[{\"added\": {}}]"}}, {"model": "admin.logentry", "pk": 44, "fields": {"action_time": "2025-04-18T04:05:51.587Z", "user": 1, "content_type": 10, "object_id": "5", "object_repr": "TYBTECH - Regular", "action_flag": 1, "change_message": "[{\"added\": {}}]"}}, {"model": "admin.logentry", "pk": 45, "fields": {"action_time": "2025-04-18T04:07:44.270Z", "user": 1, "content_type": 11, "object_id": "3", "object_repr": "PS (SYBTECH)", "action_flag": 1, "change_message": "[{\"added\": {}}]"}}, {"model": "admin.logentry", "pk": 46, "fields": {"action_time": "2025-04-18T04:08:55.013Z", "user": 1, "content_type": 11, "object_id": "4", "object_repr": "DBMS (SYBTECH)", "action_flag": 1, "change_message": "[{\"added\": {}}]"}}, {"model": "admin.logentry", "pk": 47, "fields": {"action_time": "2025-04-18T04:09:33.680Z", "user": 1, "content_type": 11, "object_id": "5", "object_repr": "DCN (SYBTECH)", "action_flag": 1, "change_message": "[{\"added\": {}}]"}}, {"model": "admin.logentry", "pk": 48, "fields": {"action_time": "2025-04-18T04:12:49.694Z", "user": 1, "content_type": 11, "object_id": "5", "object_repr": "DCN (None)", "action_flag": 3, "change_message": ""}}, {"model": "admin.logentry", "pk": 49, "fields": {"action_time": "2025-04-18T04:12:49.694Z", "user": 1, "content_type": 11, "object_id": "4", "object_repr": "DBMS (None)", "action_flag": 3, "change_message": ""}}, {"model": "admin.logentry", "pk": 50, "fields": {"action_time": "2025-04-18T04:12:49.694Z", "user": 1, "content_type": 11, "object_id": "3", "object_repr": "PS (None)", "action_flag": 3, "change_message": ""}}, {"model": "admin.logentry", "pk": 51, "fields": {"action_time": "2025-04-18T04:12:49.694Z", "user": 1, "content_type": 11, "object_id": "2", "object_repr": "SE (None)", "action_flag": 3, "change_message": ""}}, {"model": "admin.logentry", "pk": 52, "fields": {"action_time": "2025-04-18T04:13:24.827Z", "user": 1, "content_type": 11, "object_id": "6", "object_repr": "SE (None)", "action_flag": 1, "change_message": "[{\"added\": {}}]"}}, {"model": "admin.logentry", "pk": 53, "fields": {"action_time": "2025-04-18T04:13:31.422Z", "user": 1, "content_type": 11, "object_id": "6", "object_repr": "SE (None)", "action_flag": 2, "change_message": "[]"}}, {"model": "admin.logentry", "pk": 54, "fields": {"action_time": "2025-04-18T04:13:46.820Z", "user": 1, "content_type": 11, "object_id": "7", "object_repr": "PS (None)", "action_flag": 1, "change_message": "[{\"added\": {}}]"}}, {"model": "admin.logentry", "pk": 55, "fields": {"action_time": "2025-04-18T04:13:59.271Z", "user": 1, "content_type": 11, "object_id": "8", "object_repr": "DBMS (None)", "action_flag": 1, "change_message": "[{\"added\": {}}]"}}, {"model": "admin.logentry", "pk": 56, "fields": {"action_time": "2025-04-18T04:14:16.044Z", "user": 1, "content_type": 11, "object_id": "9", "object_repr": "DCN (None)", "action_flag": 1, "change_message": "[{\"added\": {}}]"}}, {"model": "admin.logentry", "pk": 57, "fields": {"action_time": "2025-04-18T04:25:43.201Z", "user": 1, "content_type": 12, "object_id": "2", "object_repr": "Nachiket - SE: 80%", "action_flag": 1, "change_message": "[{\"added\": {}}]"}}, {"model": "admin.logentry", "pk": 58, "fields": {"action_time": "2025-04-18T04:28:19.227Z", "user": 1, "content_type": 12, "object_id": "2", "object_repr": "Nachiket - SE: 80.00%", "action_flag": 2, "change_message": "[]"}}, {"model": "admin.logentry", "pk": 59, "fields": {"action_time": "2025-04-18T04:28:29.241Z", "user": 1, "content_type": 12, "object_id": "3", "object_repr": "Nachiket - PS: 75%", "action_flag": 1, "change_message": "[{\"added\": {}}]"}}, {"model": "admin.logentry", "pk": 60, "fields": {"action_time": "2025-04-18T04:28:52.538Z", "user": 1, "content_type": 12, "object_id": "4", "object_repr": "Nachiket - DBMS: 76%", "action_flag": 1, "change_message": "[{\"added\": {}}]"}}, {"model": "admin.logentry", "pk": 61, "fields": {"action_time": "2025-04-18T04:34:06.099Z", "user": 1, "content_type": 12, "object_id": "5", "object_repr": "Nachiket - DBMS: 80%", "action_flag": 1, "change_message": "[{\"added\": {}}]"}}, {"model": "admin.logentry", "pk": 62, "fields": {"action_time": "2025-04-18T04:34:16.309Z", "user": 1, "content_type": 12, "object_id": "5", "object_repr": "Nachiket - DBMS: 80.00%", "action_flag": 3, "change_message": ""}}, {"model": "admin.logentry", "pk": 63, "fields": {"action_time": "2025-04-18T04:34:27.521Z", "user": 1, "content_type": 12, "object_id": "6", "object_repr": "Nachiket - DCN: 85%", "action_flag": 1, "change_message": "[{\"added\": {}}]"}}, {"model": "admin.logentry", "pk": 64, "fields": {"action_time": "2025-04-18T04:45:10.485Z", "user": 1, "content_type": 14, "object_id": "3", "object_repr": "CSD", "action_flag": 3, "change_message": ""}}, {"model": "admin.logentry", "pk": 65, "fields": {"action_time": "2025-04-18T04:45:10.485Z", "user": 1, "content_type": 14, "object_id": "2", "object_repr": "Computer", "action_flag": 3, "change_message": ""}}, {"model": "admin.logentry", "pk": 66, "fields": {"action_time": "2025-04-18T04:45:10.485Z", "user": 1, "content_type": 14, "object_id": "1", "object_repr": "AIDS", "action_flag": 3, "change_message": ""}}, {"model": "admin.logentry", "pk": 67, "fields": {"action_time": "2025-04-18T04:47:57.701Z", "user": 1, "content_type": 8, "object_id": "3", "object_repr": "testcc", "action_flag": 3, "change_message": ""}}, {"model": "admin.logentry", "pk": 68, "fields": {"action_time": "2025-04-18T04:48:10.587Z", "user": 1, "content_type": 4, "object_id": "20", "object_repr": "testcc - teacher", "action_flag": 2, "change_message": "[{\"changed\": {\"fields\": [\"Role\"]}}]"}}, {"model": "admin.logentry", "pk": 69, "fields": {"action_time": "2025-04-18T04:48:22.102Z", "user": 1, "content_type": 4, "object_id": "20", "object_repr": "testcc - teacher", "action_flag": 3, "change_message": ""}}, {"model": "admin.logentry", "pk": 70, "fields": {"action_time": "2025-04-18T04:50:18.066Z", "user": 1, "content_type": 14, "object_id": "4", "object_repr": "AIDS", "action_flag": 1, "change_message": "[{\"added\": {}}]"}}, {"model": "admin.logentry", "pk": 71, "fields": {"action_time": "2025-04-18T04:50:39.358Z", "user": 1, "content_type": 14, "object_id": "5", "object_repr": "Computer", "action_flag": 1, "change_message": "[{\"added\": {}}]"}}, {"model": "admin.logentry", "pk": 72, "fields": {"action_time": "2025-04-18T04:51:05.900Z", "user": 1, "content_type": 10, "object_id": "6", "object_repr": "SYBTECH - Regular", "action_flag": 1, "change_message": "[{\"added\": {}}]"}}, {"model": "admin.logentry", "pk": 73, "fields": {"action_time": "2025-04-18T04:51:34.156Z", "user": 1, "content_type": 10, "object_id": "7", "object_repr": "SYBTECH - Morning", "action_flag": 1, "change_message": "[{\"added\": {}}]"}}, {"model": "admin.logentry", "pk": 74, "fields": {"action_time": "2025-04-18T04:54:54.363Z", "user": 1, "content_type": 11, "object_id": "10", "object_repr": "SE", "action_flag": 1, "change_message": "[{\"added\": {}}]"}}, {"model": "admin.logentry", "pk": 75, "fields": {"action_time": "2025-04-18T04:55:11.255Z", "user": 1, "content_type": 11, "object_id": "11", "object_repr": "PS", "action_flag": 1, "change_message": "[{\"added\": {}}]"}}, {"model": "admin.logentry", "pk": 76, "fields": {"action_time": "2025-04-18T04:56:29.355Z", "user": 1, "content_type": 11, "object_id": "11", "object_repr": "PS", "action_flag": 2, "change_message": "[{\"changed\": {\"fields\": [\"Teacher\"]}}]"}}, {"model": "admin.logentry", "pk": 77, "fields": {"action_time": "2025-04-18T04:58:30.080Z", "user": 1, "content_type": 11, "object_id": "12", "object_repr": "DBMS", "action_flag": 1, "change_message": "[{\"added\": {}}]"}}, {"model": "admin.logentry", "pk": 78, "fields": {"action_time": "2025-04-18T04:59:04.503Z", "user": 1, "content_type": 11, "object_id": "13", "object_repr": "DCN", "action_flag": 1, "change_message": "[{\"added\": {}}]"}}, {"model": "admin.logentry", "pk": 79, "fields": {"action_time": "2025-04-18T04:59:31.044Z", "user": 1, "content_type": 12, "object_id": "7", "object_repr": "Nachiket - SE: 75%", "action_flag": 1, "change_message": "[{\"added\": {}}]"}}, {"model": "admin.logentry", "pk": 80, "fields": {"action_time": "2025-04-18T04:59:40.016Z", "user": 1, "content_type": 12, "object_id": "8", "object_repr": "Nachiket - PS: 80%", "action_flag": 1, "change_message": "[{\"added\": {}}]"}}, {"model": "admin.logentry", "pk": 81, "fields": {"action_time": "2025-04-18T04:59:51.468Z", "user": 1, "content_type": 12, "object_id": "9", "object_repr": "Nachiket - DBMS: 76%", "action_flag": 1, "change_message": "[{\"added\": {}}]"}}, {"model": "admin.logentry", "pk": 82, "fields": {"action_time": "2025-04-18T05:00:04.213Z", "user": 1, "content_type": 12, "object_id": "10", "object_repr": "Nachiket - DCN: 85%", "action_flag": 1, "change_message": "[{\"added\": {}}]"}}, {"model": "admin.logentry", "pk": 83, "fields": {"action_time": "2025-04-18T05:27:21.442Z", "user": 1, "content_type": 8, "object_id": "2", "object_repr": "Nachiket", "action_flag": 2, "change_message": "[{\"changed\": {\"fields\": [\"Roll no\", \"CRN\", \"Department\", \"Student class\", \"Division\"]}}]"}}, {"model": "admin.logentry", "pk": 84, "fields": {"action_time": "2025-04-18T05:28:47.659Z", "user": 1, "content_type": 8, "object_id": "2", "object_repr": "Nachiket", "action_flag": 2, "change_message": "[]"}}, {"model": "admin.logentry", "pk": 85, "fields": {"action_time": "2025-04-18T08:08:55.876Z", "user": 1, "content_type": 12, "object_id": "11", "object_repr": "student2 - SE: 76%", "action_flag": 1, "change_message": "[{\"added\": {}}]"}}, {"model": "admin.logentry", "pk": 86, "fields": {"action_time": "2025-04-18T08:09:11.524Z", "user": 1, "content_type": 12, "object_id": "12", "object_repr": "student2 - PS: 86%", "action_flag": 1, "change_message": "[{\"added\": {}}]"}}, {"model": "admin.logentry", "pk": 87, "fields": {"action_time": "2025-04-18T08:09:23.067Z", "user": 1, "content_type": 12, "object_id": "13", "object_repr": "student2 - DBMS: 96%", "action_flag": 1, "change_message": "[{\"added\": {}}]"}}, {"model": "admin.logentry", "pk": 88, "fields": {"action_time": "2025-04-18T08:09:40.187Z", "user": 1, "content_type": 12, "object_id": "14", "object_repr": "student2 - DCN: 96%", "action_flag": 1, "change_message": "[{\"added\": {}}]"}}, {"model": "admin.logentry", "pk": 89, "fields": {"action_time": "2025-04-18T08:10:19.002Z", "user": 1, "content_type": 8, "object_id": "4", "object_repr": "student2", "action_flag": 2, "change_message": "[{\"changed\": {\"fields\": [\"Roll no\", \"CRN\", \"Department\", \"Student class\", \"Division\"]}}]"}}, {"model": "admin.logentry", "pk": 90, "fields": {"action_time": "2025-04-18T08:34:04.951Z", "user": 1, "content_type": 9, "object_id": "6", "object_repr": "student2 - approved", "action_flag": 3, "change_message": ""}}, {"model": "admin.logentry", "pk": 91, "fields": {"action_time": "2025-04-18T09:00:39.114Z", "user": 1, "content_type": 9, "object_id": "7", "object_repr": "Nachiket - pending", "action_flag": 2, "change_message": "[{\"changed\": {\"fields\": [\"Authority remark\"]}}]"}}, {"model": "admin.logentry", "pk": 92, "fields": {"action_time": "2025-04-18T09:09:28.885Z", "user": 1, "content_type": 9, "object_id": "7", "object_repr": "Nachiket - pending", "action_flag": 3, "change_message": ""}}, {"model": "admin.logentry", "pk": 93, "fields": {"action_time": "2025-04-18T09:09:38.631Z", "user": 1, "content_type": 8, "object_id": "4", "object_repr": "student2", "action_flag": 2, "change_message": "[{\"changed\": {\"fields\": [\"Student class\"]}}]"}}, {"model": "admin.logentry", "pk": 94, "fields": {"action_time": "2025-04-18T09:09:57.683Z", "user": 1, "content_type": 8, "object_id": "2", "object_repr": "Nachiket", "action_flag": 2, "change_message": "[{\"changed\": {\"fields\": [\"Student class\"]}}]"}}, {"model": "admin.logentry", "pk": 95, "fields": {"action_time": "2025-04-18T09:10:16.297Z", "user": 1, "content_type": 10, "object_id": "7", "object_repr": "SYBTECH-AIDS - Morning", "action_flag": 2, "change_message": "[{\"changed\": {\"fields\": [\"Name\"]}}]"}}, {"model": "admin.logentry", "pk": 96, "fields": {"action_time": "2025-04-18T09:10:29.943Z", "user": 1, "content_type": 10, "object_id": "6", "object_repr": "SYBTECH-AIDS - Regular", "action_flag": 2, "change_message": "[{\"changed\": {\"fields\": [\"Name\"]}}]"}}, {"model": "admin.logentry", "pk": 97, "fields": {"action_time": "2025-04-18T09:10:53.897Z", "user": 1, "content_type": 10, "object_id": "8", "object_repr": "SYBTECH-Computer - Regul", "action_flag": 1, "change_message": "[{\"added\": {}}]"}}, {"model": "admin.logentry", "pk": 98, "fields": {"action_time": "2025-04-18T09:11:06.796Z", "user": 1, "content_type": 10, "object_id": "8", "object_repr": "SYBTECH-Computer - Regular", "action_flag": 2, "change_message": "[{\"changed\": {\"fields\": [\"Shift\"]}}]"}}, {"model": "admin.logentry", "pk": 99, "fields": {"action_time": "2025-04-18T09:12:04.088Z", "user": 1, "content_type": 8, "object_id": "5", "object_repr": "testcccomp", "action_flag": 3, "change_message": ""}}, {"model": "admin.logentry", "pk": 100, "fields": {"action_time": "2025-04-18T09:15:01.630Z", "user": 1, "content_type": 10, "object_id": "8", "object_repr": "SYBTECH-Computer - Regular", "action_flag": 2, "change_message": "[{\"changed\": {\"fields\": [\"Class coordinator\"]}}]"}}, {"model": "admin.logentry", "pk": 101, "fields": {"action_time": "2025-04-18T09:15:24.614Z", "user": 1, "content_type": 10, "object_id": "9", "object_repr": "SYBTECH-Computer - Morning", "action_flag": 1, "change_message": "[{\"added\": {}}]"}}, {"model": "admin.logentry", "pk": 102, "fields": {"action_time": "2025-04-18T09:15:45.394Z", "user": 1, "content_type": 11, "object_id": "13", "object_repr": "DCN", "action_flag": 2, "change_message": "[{\"changed\": {\"fields\": [\"Class assigned\"]}}]"}}, {"model": "admin.logentry", "pk": 103, "fields": {"action_time": "2025-04-18T09:15:51.021Z", "user": 1, "content_type": 11, "object_id": "11", "object_repr": "PS", "action_flag": 2, "change_message": "[{\"changed\": {\"fields\": [\"Class assigned\"]}}]"}}, {"model": "admin.logentry", "pk": 104, "fields": {"action_time": "2025-04-18T09:16:24.593Z", "user": 1, "content_type": 11, "object_id": "14", "object_repr": "DSA", "action_flag": 1, "change_message": "[{\"added\": {}}]"}}, {"model": "admin.logentry", "pk": 105, "fields": {"action_time": "2025-04-18T09:16:33.102Z", "user": 1, "content_type": 11, "object_id": "13", "object_repr": "DCN", "action_flag": 2, "change_message": "[{\"changed\": {\"fields\": [\"Class assigned\"]}}]"}}, {"model": "admin.logentry", "pk": 106, "fields": {"action_time": "2025-04-18T09:16:38.298Z", "user": 1, "content_type": 11, "object_id": "12", "object_repr": "DBMS", "action_flag": 2, "change_message": "[]"}}, {"model": "admin.logentry", "pk": 107, "fields": {"action_time": "2025-04-18T09:16:41.832Z", "user": 1, "content_type": 11, "object_id": "13", "object_repr": "DCN", "action_flag": 2, "change_message": "[]"}}, {"model": "admin.logentry", "pk": 108, "fields": {"action_time": "2025-04-18T09:16:45.030Z", "user": 1, "content_type": 11, "object_id": "12", "object_repr": "DBMS", "action_flag": 2, "change_message": "[]"}}, {"model": "admin.logentry", "pk": 109, "fields": {"action_time": "2025-04-18T09:16:54.867Z", "user": 1, "content_type": 11, "object_id": "11", "object_repr": "PS", "action_flag": 2, "change_message": "[{\"changed\": {\"fields\": [\"Class assigned\"]}}]"}}, {"model": "admin.logentry", "pk": 110, "fields": {"action_time": "2025-04-18T09:16:58.429Z", "user": 1, "content_type": 11, "object_id": "10", "object_repr": "SE", "action_flag": 2, "change_message": "[]"}}, {"model": "admin.logentry", "pk": 111, "fields": {"action_time": "2025-04-18T09:17:19.415Z", "user": 1, "content_type": 11, "object_id": "15", "object_repr": "DCN", "action_flag": 1, "change_message": "[{\"added\": {}}]"}}, {"model": "admin.logentry", "pk": 112, "fields": {"action_time": "2025-04-18T09:21:41.258Z", "user": 1, "content_type": 14, "object_id": "5", "object_repr": "Computer", "action_flag": 3, "change_message": ""}}, {"model": "admin.logentry", "pk": 113, "fields": {"action_time": "2025-04-18T09:21:41.258Z", "user": 1, "content_type": 14, "object_id": "4", "object_repr": "AIDS", "action_flag": 3, "change_message": ""}}, {"model": "admin.logentry", "pk": 114, "fields": {"action_time": "2025-04-18T09:22:06.222Z", "user": 1, "content_type": 4, "object_id": "29", "object_repr": "cccomp1 - teacher", "action_flag": 3, "change_message": ""}}, {"model": "admin.logentry", "pk": 115, "fields": {"action_time": "2025-04-18T09:22:06.222Z", "user": 1, "content_type": 4, "object_id": "28", "object_repr": "testcccomp - student", "action_flag": 3, "change_message": ""}}, {"model": "admin.logentry", "pk": 116, "fields": {"action_time": "2025-04-18T09:22:06.222Z", "user": 1, "content_type": 4, "object_id": "27", "object_repr": "student2 - student", "action_flag": 3, "change_message": ""}}, {"model": "admin.logentry", "pk": 117, "fields": {"action_time": "2025-04-18T09:22:06.222Z", "user": 1, "content_type": 4, "object_id": "26", "object_repr": "testt4 - teacher", "action_flag": 3, "change_message": ""}}, {"model": "admin.logentry", "pk": 118, "fields": {"action_time": "2025-04-18T09:22:06.222Z", "user": 1, "content_type": 4, "object_id": "25", "object_repr": "testt3 - teacher", "action_flag": 3, "change_message": ""}}, {"model": "admin.logentry", "pk": 119, "fields": {"action_time": "2025-04-18T09:22:06.222Z", "user": 1, "content_type": 4, "object_id": "24", "object_repr": "testt2 - teacher", "action_flag": 3, "change_message": ""}}, {"model": "admin.logentry", "pk": 120, "fields": {"action_time": "2025-04-18T09:22:06.222Z", "user": 1, "content_type": 4, "object_id": "23", "object_repr": "testteacher - teacher", "action_flag": 3, "change_message": ""}}, {"model": "admin.logentry", "pk": 121, "fields": {"action_time": "2025-04-18T09:22:06.222Z", "user": 1, "content_type": 4, "object_id": "22", "object_repr": "testhod - teacher", "action_flag": 3, "change_message": ""}}, {"model": "admin.logentry", "pk": 122, "fields": {"action_time": "2025-04-18T09:22:06.222Z", "user": 1, "content_type": 4, "object_id": "21", "object_repr": "testcc - teacher", "action_flag": 3, "change_message": ""}}, {"model": "admin.logentry", "pk": 123, "fields": {"action_time": "2025-04-18T09:22:06.222Z", "user": 1, "content_type": 4, "object_id": "19", "object_repr": "Nachiket - student", "action_flag": 3, "change_message": ""}}, {"model": "admin.logentry", "pk": 124, "fields": {"action_time": "2025-04-18T10:32:41.827Z", "user": 1, "content_type": 14, "object_id": "6", "object_repr": "AIDS", "action_flag": 1, "change_message": "[{\"added\": {}}]"}}, {"model": "admin.logentry", "pk": 125, "fields": {"action_time": "2025-04-18T10:32:57.579Z", "user": 1, "content_type": 14, "object_id": "7", "object_repr": "Computer", "action_flag": 1, "change_message": "[{\"added\": {}}]"}}, {"model": "admin.logentry", "pk": 126, "fields": {"action_time": "2025-04-18T10:39:19.954Z", "user": 1, "content_type": 10, "object_id": "10", "object_repr": "SYBTECH-Computer - Regular", "action_flag": 1, "change_message": "[{\"added\": {}}]"}}, {"model": "admin.logentry", "pk": 127, "fields": {"action_time": "2025-04-18T10:39:40.143Z", "user": 1, "content_type": 10, "object_id": "11", "object_repr": "SYBTECH-Computer - Morning", "action_flag": 1, "change_message": "[{\"added\": {}}]"}}, {"model": "admin.logentry", "pk": 128, "fields": {"action_time": "2025-04-18T10:39:57.740Z", "user": 1, "content_type": 10, "object_id": "12", "object_repr": "SYBTECH-AIDS - Regular", "action_flag": 1, "change_message": "[{\"added\": {}}]"}}, {"model": "admin.logentry", "pk": 129, "fields": {"action_time": "2025-04-18T10:41:16.069Z", "user": 1, "content_type": 10, "object_id": "13", "object_repr": "SYBTECH-AIDS - Morning", "action_flag": 1, "change_message": "[{\"added\": {}}]"}}, {"model": "admin.logentry", "pk": 130, "fields": {"action_time": "2025-04-18T10:43:13.824Z", "user": 1, "content_type": 11, "object_id": "16", "object_repr": "PS", "action_flag": 1, "change_message": "[{\"added\": {}}]"}}, {"model": "admin.logentry", "pk": 131, "fields": {"action_time": "2025-04-18T10:43:46.059Z", "user": 1, "content_type": 11, "object_id": "17", "object_repr": "DCN", "action_flag": 1, "change_message": "[{\"added\": {}}]"}}, {"model": "admin.logentry", "pk": 132, "fields": {"action_time": "2025-04-18T10:43:59.824Z", "user": 1, "content_type": 11, "object_id": "18", "object_repr": "DBMS", "action_flag": 1, "change_message": "[{\"added\": {}}]"}}, {"model": "admin.logentry", "pk": 133, "fields": {"action_time": "2025-04-18T10:44:16.603Z", "user": 1, "content_type": 11, "object_id": "19", "object_repr": "SE", "action_flag": 1, "change_message": "[{\"added\": {}}]"}}, {"model": "admin.logentry", "pk": 134, "fields": {"action_time": "2025-04-18T10:45:46.013Z", "user": 1, "content_type": 12, "object_id": "15", "object_repr": "Ashish - DCN: 75%", "action_flag": 1, "change_message": "[{\"added\": {}}]"}}, {"model": "admin.logentry", "pk": 135, "fields": {"action_time": "2025-04-18T10:45:57.356Z", "user": 1, "content_type": 12, "object_id": "16", "object_repr": "Ashish - PS: 80%", "action_flag": 1, "change_message": "[{\"added\": {}}]"}}, {"model": "admin.logentry", "pk": 136, "fields": {"action_time": "2025-04-18T10:46:10.784Z", "user": 1, "content_type": 12, "object_id": "17", "object_repr": "Ashish - SE: 85%", "action_flag": 1, "change_message": "[{\"added\": {}}]"}}, {"model": "admin.logentry", "pk": 137, "fields": {"action_time": "2025-04-18T10:46:24.526Z", "user": 1, "content_type": 12, "object_id": "18", "object_repr": "Ashish - DBMS: 90%", "action_flag": 1, "change_message": "[{\"added\": {}}]"}}, {"model": "admin.logentry", "pk": 138, "fields": {"action_time": "2025-04-18T10:46:56.685Z", "user": 1, "content_type": 12, "object_id": "19", "object_repr": "suyash - DCN: 65%", "action_flag": 1, "change_message": "[{\"added\": {}}]"}}, {"model": "admin.logentry", "pk": 139, "fields": {"action_time": "2025-04-18T10:47:12.222Z", "user": 1, "content_type": 12, "object_id": "20", "object_repr": "suyash - PS: 70%", "action_flag": 1, "change_message": "[{\"added\": {}}]"}}, {"model": "admin.logentry", "pk": 140, "fields": {"action_time": "2025-04-18T10:47:22.284Z", "user": 1, "content_type": 12, "object_id": "21", "object_repr": "suyash - SE: 75%", "action_flag": 1, "change_message": "[{\"added\": {}}]"}}, {"model": "admin.logentry", "pk": 141, "fields": {"action_time": "2025-04-18T10:47:32.868Z", "user": 1, "content_type": 12, "object_id": "22", "object_repr": "suyash - DBMS: 80%", "action_flag": 1, "change_message": "[{\"added\": {}}]"}}, {"model": "admin.logentry", "pk": 142, "fields": {"action_time": "2025-04-18T10:48:00.774Z", "user": 1, "content_type": 12, "object_id": "23", "object_repr": "atharv - DCN: 76%", "action_flag": 1, "change_message": "[{\"added\": {}}]"}}, {"model": "admin.logentry", "pk": 143, "fields": {"action_time": "2025-04-18T10:48:11.298Z", "user": 1, "content_type": 12, "object_id": "24", "object_repr": "atharv - PS: 81%", "action_flag": 1, "change_message": "[{\"added\": {}}]"}}, {"model": "admin.logentry", "pk": 144, "fields": {"action_time": "2025-04-18T10:48:24.934Z", "user": 1, "content_type": 12, "object_id": "25", "object_repr": "atharv - SE: 86%", "action_flag": 1, "change_message": "[{\"added\": {}}]"}}, {"model": "admin.logentry", "pk": 145, "fields": {"action_time": "2025-04-18T10:48:35.243Z", "user": 1, "content_type": 12, "object_id": "26", "object_repr": "atharv - DBMS: 91%", "action_flag": 1, "change_message": "[{\"added\": {}}]"}}, {"model": "admin.logentry", "pk": 146, "fields": {"action_time": "2025-04-18T10:49:07.496Z", "user": 1, "content_type": 12, "object_id": "27", "object_repr": "darshan - DCN: 71%", "action_flag": 1, "change_message": "[{\"added\": {}}]"}}, {"model": "admin.logentry", "pk": 147, "fields": {"action_time": "2025-04-18T10:49:20.562Z", "user": 1, "content_type": 12, "object_id": "28", "object_repr": "darshan - PS: 76%", "action_flag": 1, "change_message": "[{\"added\": {}}]"}}, {"model": "admin.logentry", "pk": 148, "fields": {"action_time": "2025-04-18T10:49:35.362Z", "user": 1, "content_type": 12, "object_id": "29", "object_repr": "darshan - SE: 81%", "action_flag": 1, "change_message": "[{\"added\": {}}]"}}, {"model": "admin.logentry", "pk": 149, "fields": {"action_time": "2025-04-18T10:49:47.761Z", "user": 1, "content_type": 12, "object_id": "30", "object_repr": "darshan - DBMS: 86%", "action_flag": 1, "change_message": "[{\"added\": {}}]"}}, {"model": "admin.logentry", "pk": 150, "fields": {"action_time": "2025-04-18T10:51:01.494Z", "user": 1, "content_type": 12, "object_id": "31", "object_repr": "dhruv - DCN: 81%", "action_flag": 1, "change_message": "[{\"added\": {}}]"}}, {"model": "admin.logentry", "pk": 151, "fields": {"action_time": "2025-04-18T10:51:17.453Z", "user": 1, "content_type": 12, "object_id": "32", "object_repr": "dhruv - PS: 85%", "action_flag": 1, "change_message": "[{\"added\": {}}]"}}, {"model": "admin.logentry", "pk": 152, "fields": {"action_time": "2025-04-18T10:51:30.417Z", "user": 1, "content_type": 12, "object_id": "33", "object_repr": "dhruv - SE: 90%", "action_flag": 1, "change_message": "[{\"added\": {}}]"}}, {"model": "admin.logentry", "pk": 153, "fields": {"action_time": "2025-04-18T10:51:41.128Z", "user": 1, "content_type": 12, "object_id": "34", "object_repr": "dhruv - DBMS: 95%", "action_flag": 1, "change_message": "[{\"added\": {}}]"}}, {"model": "admin.logentry", "pk": 154, "fields": {"action_time": "2025-04-18T10:52:45.407Z", "user": 1, "content_type": 8, "object_id": "6", "object_repr": "Ashish", "action_flag": 2, "change_message": "[{\"changed\": {\"fields\": [\"Roll no\", \"CRN\", \"Department\", \"Student class\", \"Division\"]}}]"}}, {"model": "admin.logentry", "pk": 155, "fields": {"action_time": "2025-04-18T10:52:57.191Z", "user": 1, "content_type": 8, "object_id": "6", "object_repr": "Ashish", "action_flag": 2, "change_message": "[{\"changed\": {\"fields\": [\"Division\"]}}]"}}, {"model": "admin.logentry", "pk": 156, "fields": {"action_time": "2025-04-18T10:53:19.185Z", "user": 1, "content_type": 8, "object_id": "7", "object_repr": "suyash", "action_flag": 2, "change_message": "[{\"changed\": {\"fields\": [\"Roll no\", \"CRN\", \"Department\", \"Student class\", \"Division\"]}}]"}}, {"model": "admin.logentry", "pk": 157, "fields": {"action_time": "2025-04-18T10:53:37.128Z", "user": 1, "content_type": 8, "object_id": "8", "object_repr": "atharv", "action_flag": 2, "change_message": "[{\"changed\": {\"fields\": [\"Roll no\", \"CRN\", \"Department\", \"Student class\", \"Division\"]}}]"}}, {"model": "admin.logentry", "pk": 158, "fields": {"action_time": "2025-04-18T10:53:53.480Z", "user": 1, "content_type": 8, "object_id": "9", "object_repr": "darshan", "action_flag": 2, "change_message": "[{\"changed\": {\"fields\": [\"Roll no\", \"CRN\", \"Department\", \"Student class\", \"Division\"]}}]"}}, {"model": "admin.logentry", "pk": 159, "fields": {"action_time": "2025-04-18T10:54:17.094Z", "user": 1, "content_type": 8, "object_id": "10", "object_repr": "dhruv", "action_flag": 2, "change_message": "[{\"changed\": {\"fields\": [\"Roll no\", \"CRN\", \"Department\", \"Student class\", \"Division\"]}}]"}}, {"model": "admin.logentry", "pk": 160, "fields": {"action_time": "2025-04-18T13:16:00.265Z", "user": 1, "content_type": 9, "object_id": "8", "object_repr": "suyash - approved", "action_flag": 2, "change_message": "[{\"changed\": {\"fields\": [\"Hod remark\"]}}]"}}, {"model": "admin.logentry", "pk": 161, "fields": {"action_time": "2025-04-18T13:18:03.221Z", "user": 1, "content_type": 9, "object_id": "8", "object_repr": "suyash - approved", "action_flag": 2, "change_message": "[{\"changed\": {\"fields\": [\"Hod remark\"]}}]"}}, {"model": "admin.logentry", "pk": 162, "fields": {"action_time": "2025-04-18T13:18:24.524Z", "user": 1, "content_type": 9, "object_id": "8", "object_repr": "suyash - approved", "action_flag": 2, "change_message": "[{\"changed\": {\"fields\": [\"Hod remark\"]}}]"}}, {"model": "admin.logentry", "pk": 163, "fields": {"action_time": "2025-04-18T13:18:34.134Z", "user": 1, "content_type": 9, "object_id": "8", "object_repr": "suyash - pending", "action_flag": 2, "change_message": "[{\"changed\": {\"fields\": [\"Status\"]}}]"}}, {"model": "admin.logentry", "pk": 164, "fields": {"action_time": "2025-04-18T13:19:21.449Z", "user": 1, "content_type": 9, "object_id": "8", "object_repr": "suyash - pending", "action_flag": 2, "change_message": "[{\"changed\": {\"fields\": [\"Hod remark\", \"Status\"]}}]"}}, {"model": "admin.logentry", "pk": 165, "fields": {"action_time": "2025-04-18T13:20:24.481Z", "user": 1, "content_type": 9, "object_id": "8", "object_repr": "suyash - pending", "action_flag": 2, "change_message": "[{\"changed\": {\"fields\": [\"Hod remark\", \"Status\"]}}]"}}, {"model": "admin.logentry", "pk": 166, "fields": {"action_time": "2025-04-18T13:21:28.739Z", "user": 1, "content_type": 9, "object_id": "8", "object_repr": "suyash - pending", "action_flag": 2, "change_message": "[{\"changed\": {\"fields\": [\"Hod remark\", \"Status\"]}}]"}}, {"model": "admin.logentry", "pk": 167, "fields": {"action_time": "2025-04-18T13:27:38.712Z", "user": 1, "content_type": 9, "object_id": "8", "object_repr": "suyash - pending", "action_flag": 2, "change_message": "[{\"changed\": {\"fields\": [\"Hod remark\", \"Status\"]}}]"}}, {"model": "admin.logentry", "pk": 168, "fields": {"action_time": "2025-04-18T13:28:50.192Z", "user": 1, "content_type": 9, "object_id": "8", "object_repr": "suyash - pending", "action_flag": 2, "change_message": "[{\"changed\": {\"fields\": [\"Hod remark\", \"Status\"]}}]"}}, {"model": "admin.logentry", "pk": 169, "fields": {"action_time": "2025-04-18T13:29:23.788Z", "user": 1, "content_type": 9, "object_id": "8", "object_repr": "suyash - pending", "action_flag": 2, "change_message": "[{\"changed\": {\"fields\": [\"Hod remark\", \"Status\"]}}]"}}, {"model": "admin.logentry", "pk": 170, "fields": {"action_time": "2025-04-18T13:31:41.967Z", "user": 1, "content_type": 9, "object_id": "8", "object_repr": "suyash - pending", "action_flag": 2, "change_message": "[{\"changed\": {\"fields\": [\"Hod remark\", \"Status\"]}}]"}}, {"model": "admin.logentry", "pk": 171, "fields": {"action_time": "2025-04-18T13:34:50.509Z", "user": 1, "content_type": 15, "object_id": "4", "object_repr": "TeacherNotification object (4)", "action_flag": 3, "change_message": ""}}, {"model": "admin.logentry", "pk": 172, "fields": {"action_time": "2025-04-18T13:34:50.509Z", "user": 1, "content_type": 15, "object_id": "3", "object_repr": "TeacherNotification object (3)", "action_flag": 3, "change_message": ""}}, {"model": "admin.logentry", "pk": 173, "fields": {"action_time": "2025-04-18T13:34:50.509Z", "user": 1, "content_type": 15, "object_id": "2", "object_repr": "TeacherNotification object (2)", "action_flag": 3, "change_message": ""}}, {"model": "admin.logentry", "pk": 174, "fields": {"action_time": "2025-04-18T13:34:50.509Z", "user": 1, "content_type": 15, "object_id": "1", "object_repr": "TeacherNotification object (1)", "action_flag": 3, "change_message": ""}}, {"model": "admin.logentry", "pk": 175, "fields": {"action_time": "2025-04-18T13:35:04.027Z", "user": 1, "content_type": 9, "object_id": "8", "object_repr": "suyash - pending", "action_flag": 2, "change_message": "[{\"changed\": {\"fields\": [\"Hod remark\", \"Status\"]}}]"}}, {"model": "admin.logentry", "pk": 176, "fields": {"action_time": "2025-04-18T13:36:04.536Z", "user": 1, "content_type": 15, "object_id": "8", "object_repr": "TeacherNotification object (8)", "action_flag": 3, "change_message": ""}}, {"model": "admin.logentry", "pk": 177, "fields": {"action_time": "2025-04-18T13:36:04.536Z", "user": 1, "content_type": 15, "object_id": "7", "object_repr": "TeacherNotification object (7)", "action_flag": 3, "change_message": ""}}, {"model": "admin.logentry", "pk": 178, "fields": {"action_time": "2025-04-18T13:36:04.536Z", "user": 1, "content_type": 15, "object_id": "6", "object_repr": "TeacherNotification object (6)", "action_flag": 3, "change_message": ""}}, {"model": "admin.logentry", "pk": 179, "fields": {"action_time": "2025-04-18T13:36:04.536Z", "user": 1, "content_type": 15, "object_id": "5", "object_repr": "TeacherNotification object (5)", "action_flag": 3, "change_message": ""}}, {"model": "admin.logentry", "pk": 180, "fields": {"action_time": "2025-04-18T13:36:22.542Z", "user": 1, "content_type": 9, "object_id": "8", "object_repr": "suyash - pending", "action_flag": 2, "change_message": "[{\"changed\": {\"fields\": [\"Hod remark\", \"Status\"]}}]"}}, {"model": "admin.logentry", "pk": 181, "fields": {"action_time": "2025-04-18T16:11:08.625Z", "user": 1, "content_type": 9, "object_id": "8", "object_repr": "suyash - pending", "action_flag": 2, "change_message": "[{\"changed\": {\"fields\": [\"Authority remark\", \"Hod remark\", \"Status\"]}}]"}}, {"model": "admin.logentry", "pk": 182, "fields": {"action_time": "2025-04-18T16:13:28.452Z", "user": 1, "content_type": 16, "object_id": "1", "object_repr": "suyash - Unread", "action_flag": 3, "change_message": ""}}, {"model": "admin.logentry", "pk": 183, "fields": {"action_time": "2025-04-18T16:13:40.336Z", "user": 1, "content_type": 9, "object_id": "8", "object_repr": "suyash - rejected", "action_flag": 2, "change_message": "[{\"changed\": {\"fields\": [\"Authority remark\"]}}]"}}, {"model": "admin.logentry", "pk": 184, "fields": {"action_time": "2025-04-18T16:14:02.018Z", "user": 1, "content_type": 9, "object_id": "8", "object_repr": "suyash - pending", "action_flag": 2, "change_message": "[{\"changed\": {\"fields\": [\"Status\"]}}]"}}, {"model": "admin.logentry", "pk": 185, "fields": {"action_time": "2025-04-18T16:14:14.871Z", "user": 1, "content_type": 16, "object_id": "2", "object_repr": "suyash - Unread", "action_flag": 3, "change_message": ""}}, {"model": "admin.logentry", "pk": 186, "fields": {"action_time": "2025-04-18T16:41:17.150Z", "user": 1, "content_type": 9, "object_id": "8", "object_repr": "suyash - pending", "action_flag": 2, "change_message": "[{\"changed\": {\"fields\": [\"Authority remark\"]}}]"}}, {"model": "admin.logentry", "pk": 187, "fields": {"action_time": "2025-04-18T17:08:25.048Z", "user": 1, "content_type": 9, "object_id": "8", "object_repr": "suyash - pending", "action_flag": 2, "change_message": "[{\"changed\": {\"fields\": [\"Status\"]}}]"}}, {"model": "admin.logentry", "pk": 188, "fields": {"action_time": "2025-04-18T17:08:37.634Z", "user": 1, "content_type": 9, "object_id": "8", "object_repr": "suyash - pending", "action_flag": 2, "change_message": "[{\"changed\": {\"fields\": [\"Authority remark\", \"Cc remark\", \"Hod remark\"]}}]"}}, {"model": "admin.logentry", "pk": 189, "fields": {"action_time": "2025-04-18T17:23:15.503Z", "user": 1, "content_type": 9, "object_id": "8", "object_repr": "suyash - pending", "action_flag": 2, "change_message": "[{\"changed\": {\"fields\": [\"Authority remark\"]}}]"}}, {"model": "admin.logentry", "pk": 190, "fields": {"action_time": "2025-04-18T17:29:22.556Z", "user": 1, "content_type": 9, "object_id": "8", "object_repr": "suyash - pending", "action_flag": 3, "change_message": ""}}, {"model": "admin.logentry", "pk": 191, "fields": {"action_time": "2025-04-18T17:29:37.819Z", "user": 1, "content_type": 15, "object_id": "12", "object_repr": "TeacherNotification object (12)", "action_flag": 3, "change_message": ""}}, {"model": "admin.logentry", "pk": 192, "fields": {"action_time": "2025-04-18T17:29:37.819Z", "user": 1, "content_type": 15, "object_id": "11", "object_repr": "TeacherNotification object (11)", "action_flag": 3, "change_message": ""}}, {"model": "admin.logentry", "pk": 193, "fields": {"action_time": "2025-04-18T17:29:37.819Z", "user": 1, "content_type": 15, "object_id": "10", "object_repr": "TeacherNotification object (10)", "action_flag": 3, "change_message": ""}}, {"model": "admin.logentry", "pk": 194, "fields": {"action_time": "2025-04-18T17:29:37.819Z", "user": 1, "content_type": 15, "object_id": "9", "object_repr": "TeacherNotification object (9)", "action_flag": 3, "change_message": ""}}, {"model": "admin.logentry", "pk": 195, "fields": {"action_time": "2025-04-18T17:29:45.691Z", "user": 1, "content_type": 16, "object_id": "4", "object_repr": "suyash - Unread", "action_flag": 3, "change_message": ""}}, {"model": "admin.logentry", "pk": 196, "fields": {"action_time": "2025-04-18T17:29:45.691Z", "user": 1, "content_type": 16, "object_id": "3", "object_repr": "suyash - Unread", "action_flag": 3, "change_message": ""}}, {"model": "admin.logentry", "pk": 197, "fields": {"action_time": "2025-04-18T18:00:32.347Z", "user": 1, "content_type": 9, "object_id": "2", "object_repr": "suyash - approved", "action_flag": 2, "change_message": "[{\"changed\": {\"fields\": [\"Authority remark\", \"Cc remark\", \"Hod remark\", \"Status\"]}}]"}}, {"model": "admin.logentry", "pk": 198, "fields": {"action_time": "2025-04-18T18:00:52.457Z", "user": 1, "content_type": 9, "object_id": "1", "object_repr": "suyash - approved", "action_flag": 2, "change_message": "[{\"changed\": {\"fields\": [\"Authority remark\", \"Cc remark\", \"Hod remark\", \"Status\"]}}]"}}, {"model": "admin.logentry", "pk": 199, "fields": {"action_time": "2025-04-19T05:34:44.012Z", "user": 1, "content_type": 9, "object_id": "2", "object_repr": "suyash - pending", "action_flag": 2, "change_message": "[{\"changed\": {\"fields\": [\"Authority remark\", \"Cc remark\", \"Hod remark\", \"Status\"]}}]"}}, {"model": "admin.logentry", "pk": 200, "fields": {"action_time": "2025-04-19T05:34:56.436Z", "user": 1, "content_type": 9, "object_id": "1", "object_repr": "suyash - pending", "action_flag": 2, "change_message": "[{\"changed\": {\"fields\": [\"Authority remark\", \"Cc remark\", \"Hod remark\", \"Status\"]}}]"}}, {"model": "admin.logentry", "pk": 201, "fields": {"action_time": "2025-04-19T12:20:51.990Z", "user": 1, "content_type": 9, "object_id": "5", "object_repr": "suyash - pending", "action_flag": 2, "change_message": "[{\"changed\": {\"fields\": [\"Authority remark\"]}}]"}}, {"model": "admin.logentry", "pk": 202, "fields": {"action_time": "2025-04-19T12:44:57.734Z", "user": 1, "content_type": 9, "object_id": "5", "object_repr": "suyash - pending", "action_flag": 2, "change_message": "[{\"changed\": {\"fields\": [\"Cc remark\", \"Feedback\"]}}]"}}, {"model": "admin.logentry", "pk": 203, "fields": {"action_time": "2025-04-19T15:13:00.525Z", "user": 1, "content_type": 9, "object_id": "2", "object_repr": "suyash - pending", "action_flag": 2, "change_message": "[{\"changed\": {\"fields\": [\"Hod remark\", \"Status\"]}}]"}}, {"model": "admin.logentry", "pk": 204, "fields": {"action_time": "2025-04-19T15:14:59.490Z", "user": 1, "content_type": 9, "object_id": "2", "object_repr": "suyash - pending", "action_flag": 2, "change_message": "[{\"changed\": {\"fields\": [\"Hod remark\", \"Status\"]}}]"}}, {"model": "admin.logentry", "pk": 205, "fields": {"action_time": "2025-04-19T15:15:14.503Z", "user": 1, "content_type": 15, "object_id": "20", "object_repr": "TeacherNotification object (20)", "action_flag": 3, "change_message": ""}}, {"model": "admin.logentry", "pk": 206, "fields": {"action_time": "2025-04-19T15:15:14.503Z", "user": 1, "content_type": 15, "object_id": "19", "object_repr": "TeacherNotification object (19)", "action_flag": 3, "change_message": ""}}, {"model": "admin.logentry", "pk": 207, "fields": {"action_time": "2025-04-19T15:15:14.503Z", "user": 1, "content_type": 15, "object_id": "18", "object_repr": "TeacherNotification object (18)", "action_flag": 3, "change_message": ""}}, {"model": "admin.logentry", "pk": 208, "fields": {"action_time": "2025-04-19T15:15:14.503Z", "user": 1, "content_type": 15, "object_id": "17", "object_repr": "TeacherNotification object (17)", "action_flag": 3, "change_message": ""}}, {"model": "admin.logentry", "pk": 209, "fields": {"action_time": "2025-04-19T15:15:14.503Z", "user": 1, "content_type": 15, "object_id": "16", "object_repr": "TeacherNotification object (16)", "action_flag": 3, "change_message": ""}}, {"model": "admin.logentry", "pk": 210, "fields": {"action_time": "2025-04-19T15:15:14.503Z", "user": 1, "content_type": 15, "object_id": "15", "object_repr": "TeacherNotification object (15)", "action_flag": 3, "change_message": ""}}, {"model": "admin.logentry", "pk": 211, "fields": {"action_time": "2025-04-19T15:15:14.503Z", "user": 1, "content_type": 15, "object_id": "14", "object_repr": "TeacherNotification object (14)", "action_flag": 3, "change_message": ""}}, {"model": "admin.logentry", "pk": 212, "fields": {"action_time": "2025-04-19T15:15:14.503Z", "user": 1, "content_type": 15, "object_id": "13", "object_repr": "TeacherNotification object (13)", "action_flag": 3, "change_message": ""}}, {"model": "admin.logentry", "pk": 213, "fields": {"action_time": "2025-04-19T15:15:34.320Z", "user": 1, "content_type": 9, "object_id": "5", "object_repr": "suyash - pending", "action_flag": 2, "change_message": "[{\"changed\": {\"fields\": [\"Hod remark\", \"Feedback\", \"Status\"]}}]"}}, {"model": "admin.logentry", "pk": 214, "fields": {"action_time": "2025-04-19T17:22:42.951Z", "user": 1, "content_type": 7, "object_id": "17", "object_repr": "snehal", "action_flag": 2, "change_message": "[{\"changed\": {\"fields\": [\"Teacher role\"]}}]"}}, {"model": "admin.logentry", "pk": 215, "fields": {"action_time": "2025-04-19T17:30:45.854Z", "user": 1, "content_type": 8, "object_id": "7", "object_repr": "suyash", "action_flag": 2, "change_message": "[]"}}, {"model": "admin.logentry", "pk": 216, "fields": {"action_time": "2025-04-19T17:40:13.477Z", "user": 1, "content_type": 7, "object_id": "16", "object_repr": "gayatri", "action_flag": 2, "change_message": "[{\"changed\": {\"fields\": [\"Teacher role\"]}}]"}}, {"model": "admin.logentry", "pk": 217, "fields": {"action_time": "2025-04-19T17:41:05.044Z", "user": 1, "content_type": 9, "object_id": "5", "object_repr": "suyash - pending", "action_flag": 2, "change_message": "[{\"changed\": {\"fields\": [\"Authority remark\", \"Cc remark\"]}}]"}}, {"model": "admin.logentry", "pk": 218, "fields": {"action_time": "2025-04-19T17:41:48.730Z", "user": 1, "content_type": 7, "object_id": "22", "object_repr": "pratibha", "action_flag": 2, "change_message": "[{\"changed\": {\"fields\": [\"Teacher role\"]}}]"}}, {"model": "admin.logentry", "pk": 219, "fields": {"action_time": "2025-04-19T17:42:21.533Z", "user": 1, "content_type": 7, "object_id": "22", "object_repr": "pratibha", "action_flag": 2, "change_message": "[]"}}, {"model": "admin.logentry", "pk": 220, "fields": {"action_time": "2025-04-19T17:43:40.658Z", "user": 1, "content_type": 9, "object_id": "5", "object_repr": "suyash - pending", "action_flag": 2, "change_message": "[{\"changed\": {\"fields\": [\"Authority remark\"]}}]"}}, {"model": "admin.logentry", "pk": 221, "fields": {"action_time": "2025-04-19T18:06:47.383Z", "user": 1, "content_type": 9, "object_id": "5", "object_repr": "suyash - rejected", "action_flag": 2, "change_message": "[{\"changed\": {\"fields\": [\"Status\"]}}]"}}, {"model": "admin.logentry", "pk": 222, "fields": {"action_time": "2025-04-19T18:07:09.557Z", "user": 1, "content_type": 9, "object_id": "5", "object_repr": "suyash - rejected", "action_flag": 2, "change_message": "[{\"changed\": {\"fields\": [\"Authority remark\", \"Cc remark\", \"Hod remark\"]}}]"}}, {"model": "admin.logentry", "pk": 223, "fields": {"action_time": "2025-04-19T18:07:37.699Z", "user": 1, "content_type": 9, "object_id": "5", "object_repr": "suyash - rejected", "action_flag": 2, "change_message": "[{\"changed\": {\"fields\": [\"Cc remark\", \"Hod remark\"]}}]"}}, {"model": "admin.logentry", "pk": 224, "fields": {"action_time": "2025-04-20T07:31:44.941Z", "user": 1, "content_type": 9, "object_id": "3", "object_repr": "suyash - pending", "action_flag": 2, "change_message": "[{\"changed\": {\"fields\": [\"Authority remark\", \"Cc remark\"]}}]"}}, {"model": "admin.logentry", "pk": 225, "fields": {"action_time": "2025-04-20T09:10:16.622Z", "user": 1, "content_type": 9, "object_id": "6", "object_repr": "Ashish - approved", "action_flag": 3, "change_message": ""}}, {"model": "admin.logentry", "pk": 226, "fields": {"action_time": "2025-04-20T09:10:16.623Z", "user": 1, "content_type": 9, "object_id": "5", "object_repr": "suyash - rejected", "action_flag": 3, "change_message": ""}}, {"model": "admin.logentry", "pk": 227, "fields": {"action_time": "2025-04-20T09:10:16.623Z", "user": 1, "content_type": 9, "object_id": "4", "object_repr": "suyash - pending", "action_flag": 3, "change_message": ""}}, {"model": "admin.logentry", "pk": 228, "fields": {"action_time": "2025-04-20T09:10:16.623Z", "user": 1, "content_type": 9, "object_id": "3", "object_repr": "suyash - approved", "action_flag": 3, "change_message": ""}}, {"model": "admin.logentry", "pk": 229, "fields": {"action_time": "2025-04-20T09:10:16.623Z", "user": 1, "content_type": 9, "object_id": "2", "object_repr": "suyash - approved", "action_flag": 3, "change_message": ""}}, {"model": "admin.logentry", "pk": 230, "fields": {"action_time": "2025-04-20T09:10:16.623Z", "user": 1, "content_type": 9, "object_id": "1", "object_repr": "suyash - pending", "action_flag": 3, "change_message": ""}}, {"model": "admin.logentry", "pk": 231, "fields": {"action_time": "2025-04-20T09:10:26.596Z", "user": 1, "content_type": 15, "object_id": "32", "object_repr": "TeacherNotification object (32)", "action_flag": 3, "change_message": ""}}, {"model": "admin.logentry", "pk": 232, "fields": {"action_time": "2025-04-20T09:10:26.596Z", "user": 1, "content_type": 15, "object_id": "31", "object_repr": "TeacherNotification object (31)", "action_flag": 3, "change_message": ""}}, {"model": "admin.logentry", "pk": 233, "fields": {"action_time": "2025-04-20T09:10:26.596Z", "user": 1, "content_type": 15, "object_id": "30", "object_repr": "TeacherNotification object (30)", "action_flag": 3, "change_message": ""}}, {"model": "admin.logentry", "pk": 234, "fields": {"action_time": "2025-04-20T09:10:26.596Z", "user": 1, "content_type": 15, "object_id": "29", "object_repr": "TeacherNotification object (29)", "action_flag": 3, "change_message": ""}}, {"model": "admin.logentry", "pk": 235, "fields": {"action_time": "2025-04-20T09:10:26.596Z", "user": 1, "content_type": 15, "object_id": "28", "object_repr": "TeacherNotification object (28)", "action_flag": 3, "change_message": ""}}, {"model": "admin.logentry", "pk": 236, "fields": {"action_time": "2025-04-20T09:10:26.596Z", "user": 1, "content_type": 15, "object_id": "27", "object_repr": "TeacherNotification object (27)", "action_flag": 3, "change_message": ""}}, {"model": "admin.logentry", "pk": 237, "fields": {"action_time": "2025-04-20T09:10:26.596Z", "user": 1, "content_type": 15, "object_id": "26", "object_repr": "TeacherNotification object (26)", "action_flag": 3, "change_message": ""}}, {"model": "admin.logentry", "pk": 238, "fields": {"action_time": "2025-04-20T09:10:26.596Z", "user": 1, "content_type": 15, "object_id": "25", "object_repr": "TeacherNotification object (25)", "action_flag": 3, "change_message": ""}}, {"model": "admin.logentry", "pk": 239, "fields": {"action_time": "2025-04-20T09:10:26.596Z", "user": 1, "content_type": 15, "object_id": "24", "object_repr": "TeacherNotification object (24)", "action_flag": 3, "change_message": ""}}, {"model": "admin.logentry", "pk": 240, "fields": {"action_time": "2025-04-20T09:10:26.596Z", "user": 1, "content_type": 15, "object_id": "23", "object_repr": "TeacherNotification object (23)", "action_flag": 3, "change_message": ""}}, {"model": "admin.logentry", "pk": 241, "fields": {"action_time": "2025-04-20T09:10:26.596Z", "user": 1, "content_type": 15, "object_id": "22", "object_repr": "TeacherNotification object (22)", "action_flag": 3, "change_message": ""}}, {"model": "admin.logentry", "pk": 242, "fields": {"action_time": "2025-04-20T09:10:26.596Z", "user": 1, "content_type": 15, "object_id": "21", "object_repr": "TeacherNotification object (21)", "action_flag": 3, "change_message": ""}}, {"model": "admin.logentry", "pk": 243, "fields": {"action_time": "2025-04-20T09:10:42.861Z", "user": 1, "content_type": 16, "object_id": "19", "object_repr": "suyash - Unread", "action_flag": 3, "change_message": ""}}, {"model": "admin.logentry", "pk": 244, "fields": {"action_time": "2025-04-20T09:10:42.861Z", "user": 1, "content_type": 16, "object_id": "18", "object_repr": "suyash - Unread", "action_flag": 3, "change_message": ""}}, {"model": "admin.logentry", "pk": 245, "fields": {"action_time": "2025-04-20T09:10:42.861Z", "user": 1, "content_type": 16, "object_id": "17", "object_repr": "Ashish - Unread", "action_flag": 3, "change_message": ""}}, {"model": "admin.logentry", "pk": 246, "fields": {"action_time": "2025-04-20T09:10:42.861Z", "user": 1, "content_type": 16, "object_id": "16", "object_repr": "Ashish - Unread", "action_flag": 3, "change_message": ""}}, {"model": "admin.logentry", "pk": 247, "fields": {"action_time": "2025-04-20T09:10:42.861Z", "user": 1, "content_type": 16, "object_id": "15", "object_repr": "Ashish - Read", "action_flag": 3, "change_message": ""}}, {"model": "admin.logentry", "pk": 248, "fields": {"action_time": "2025-04-20T09:10:42.861Z", "user": 1, "content_type": 16, "object_id": "14", "object_repr": "suyash - Unread", "action_flag": 3, "change_message": ""}}, {"model": "admin.logentry", "pk": 249, "fields": {"action_time": "2025-04-20T09:10:42.861Z", "user": 1, "content_type": 16, "object_id": "13", "object_repr": "suyash - Unread", "action_flag": 3, "change_message": ""}}, {"model": "admin.logentry", "pk": 250, "fields": {"action_time": "2025-04-20T09:10:42.861Z", "user": 1, "content_type": 16, "object_id": "12", "object_repr": "suyash - Read", "action_flag": 3, "change_message": ""}}, {"model": "admin.logentry", "pk": 251, "fields": {"action_time": "2025-04-20T09:10:42.861Z", "user": 1, "content_type": 16, "object_id": "11", "object_repr": "suyash - Unread", "action_flag": 3, "change_message": ""}}, {"model": "admin.logentry", "pk": 252, "fields": {"action_time": "2025-04-20T09:10:42.861Z", "user": 1, "content_type": 16, "object_id": "10", "object_repr": "suyash - Unread", "action_flag": 3, "change_message": ""}}, {"model": "admin.logentry", "pk": 253, "fields": {"action_time": "2025-04-20T09:10:42.861Z", "user": 1, "content_type": 16, "object_id": "9", "object_repr": "suyash - Unread", "action_flag": 3, "change_message": ""}}, {"model": "admin.logentry", "pk": 254, "fields": {"action_time": "2025-04-20T09:10:42.861Z", "user": 1, "content_type": 16, "object_id": "8", "object_repr": "suyash - Read", "action_flag": 3, "change_message": ""}}, {"model": "admin.logentry", "pk": 255, "fields": {"action_time": "2025-04-20T09:10:42.861Z", "user": 1, "content_type": 16, "object_id": "7", "object_repr": "suyash - Read", "action_flag": 3, "change_message": ""}}, {"model": "admin.logentry", "pk": 256, "fields": {"action_time": "2025-04-20T09:10:42.861Z", "user": 1, "content_type": 16, "object_id": "6", "object_repr": "suyash - Read", "action_flag": 3, "change_message": ""}}, {"model": "admin.logentry", "pk": 257, "fields": {"action_time": "2025-04-20T09:10:42.861Z", "user": 1, "content_type": 16, "object_id": "5", "object_repr": "suyash - Read", "action_flag": 3, "change_message": ""}}, {"model": "admin.logentry", "pk": 258, "fields": {"action_time": "2025-04-20T11:34:01.869Z", "user": 1, "content_type": 9, "object_id": "8", "object_repr": "Ashish - approved", "action_flag": 3, "change_message": ""}}, {"model": "admin.logentry", "pk": 259, "fields": {"action_time": "2025-04-20T11:34:01.869Z", "user": 1, "content_type": 9, "object_id": "7", "object_repr": "suyash - approved", "action_flag": 3, "change_message": ""}}, {"model": "admin.logentry", "pk": 260, "fields": {"action_time": "2025-04-20T11:34:13.265Z", "user": 1, "content_type": 16, "object_id": "25", "object_repr": "Ashish - Unread", "action_flag": 3, "change_message": ""}}, {"model": "admin.logentry", "pk": 261, "fields": {"action_time": "2025-04-20T11:34:13.265Z", "user": 1, "content_type": 16, "object_id": "24", "object_repr": "Ashish - Unread", "action_flag": 3, "change_message": ""}}, {"model": "admin.logentry", "pk": 262, "fields": {"action_time": "2025-04-20T11:34:13.265Z", "user": 1, "content_type": 16, "object_id": "23", "object_repr": "Ashish - Unread", "action_flag": 3, "change_message": ""}}, {"model": "admin.logentry", "pk": 263, "fields": {"action_time": "2025-04-20T11:34:13.265Z", "user": 1, "content_type": 16, "object_id": "22", "object_repr": "suyash - Unread", "action_flag": 3, "change_message": ""}}, {"model": "admin.logentry", "pk": 264, "fields": {"action_time": "2025-04-20T11:34:13.265Z", "user": 1, "content_type": 16, "object_id": "21", "object_repr": "suyash - Unread", "action_flag": 3, "change_message": ""}}, {"model": "admin.logentry", "pk": 265, "fields": {"action_time": "2025-04-20T11:34:13.265Z", "user": 1, "content_type": 16, "object_id": "20", "object_repr": "suyash - Unread", "action_flag": 3, "change_message": ""}}, {"model": "admin.logentry", "pk": 266, "fields": {"action_time": "2025-04-20T11:35:25.023Z", "user": 1, "content_type": 15, "object_id": "8", "object_repr": "TeacherNotification object (8)", "action_flag": 3, "change_message": ""}}, {"model": "admin.logentry", "pk": 267, "fields": {"action_time": "2025-04-20T11:35:25.023Z", "user": 1, "content_type": 15, "object_id": "7", "object_repr": "TeacherNotification object (7)", "action_flag": 3, "change_message": ""}}, {"model": "admin.logentry", "pk": 268, "fields": {"action_time": "2025-04-20T11:35:25.023Z", "user": 1, "content_type": 15, "object_id": "6", "object_repr": "TeacherNotification object (6)", "action_flag": 3, "change_message": ""}}, {"model": "admin.logentry", "pk": 269, "fields": {"action_time": "2025-04-20T11:35:25.023Z", "user": 1, "content_type": 15, "object_id": "5", "object_repr": "TeacherNotification object (5)", "action_flag": 3, "change_message": ""}}, {"model": "admin.logentry", "pk": 270, "fields": {"action_time": "2025-04-20T11:35:25.023Z", "user": 1, "content_type": 15, "object_id": "4", "object_repr": "TeacherNotification object (4)", "action_flag": 3, "change_message": ""}}, {"model": "admin.logentry", "pk": 271, "fields": {"action_time": "2025-04-20T11:35:25.024Z", "user": 1, "content_type": 15, "object_id": "3", "object_repr": "TeacherNotification object (3)", "action_flag": 3, "change_message": ""}}, {"model": "admin.logentry", "pk": 272, "fields": {"action_time": "2025-04-20T11:35:25.024Z", "user": 1, "content_type": 15, "object_id": "2", "object_repr": "TeacherNotification object (2)", "action_flag": 3, "change_message": ""}}, {"model": "admin.logentry", "pk": 273, "fields": {"action_time": "2025-04-20T11:35:25.024Z", "user": 1, "content_type": 15, "object_id": "1", "object_repr": "TeacherNotification object (1)", "action_flag": 3, "change_message": ""}}, {"model": "auth.permission", "pk": 1, "fields": {"name": "Can add permission", "content_type": 1, "codename": "add_permission"}}, {"model": "auth.permission", "pk": 2, "fields": {"name": "Can change permission", "content_type": 1, "codename": "change_permission"}}, {"model": "auth.permission", "pk": 3, "fields": {"name": "Can delete permission", "content_type": 1, "codename": "delete_permission"}}, {"model": "auth.permission", "pk": 4, "fields": {"name": "Can view permission", "content_type": 1, "codename": "view_permission"}}, {"model": "auth.permission", "pk": 5, "fields": {"name": "Can add group", "content_type": 2, "codename": "add_group"}}, {"model": "auth.permission", "pk": 6, "fields": {"name": "Can change group", "content_type": 2, "codename": "change_group"}}, {"model": "auth.permission", "pk": 7, "fields": {"name": "Can delete group", "content_type": 2, "codename": "delete_group"}}, {"model": "auth.permission", "pk": 8, "fields": {"name": "Can view group", "content_type": 2, "codename": "view_group"}}, {"model": "auth.permission", "pk": 9, "fields": {"name": "Can add content type", "content_type": 3, "codename": "add_contenttype"}}, {"model": "auth.permission", "pk": 10, "fields": {"name": "Can change content type", "content_type": 3, "codename": "change_contenttype"}}, {"model": "auth.permission", "pk": 11, "fields": {"name": "Can delete content type", "content_type": 3, "codename": "delete_contenttype"}}, {"model": "auth.permission", "pk": 12, "fields": {"name": "Can view content type", "content_type": 3, "codename": "view_contenttype"}}, {"model": "auth.permission", "pk": 13, "fields": {"name": "Can add user", "content_type": 4, "codename": "add_user"}}, {"model": "auth.permission", "pk": 14, "fields": {"name": "Can change user", "content_type": 4, "codename": "change_user"}}, {"model": "auth.permission", "pk": 15, "fields": {"name": "Can delete user", "content_type": 4, "codename": "delete_user"}}, {"model": "auth.permission", "pk": 16, "fields": {"name": "Can view user", "content_type": 4, "codename": "view_user"}}, {"model": "auth.permission", "pk": 17, "fields": {"name": "Can add log entry", "content_type": 5, "codename": "add_logentry"}}, {"model": "auth.permission", "pk": 18, "fields": {"name": "Can change log entry", "content_type": 5, "codename": "change_logentry"}}, {"model": "auth.permission", "pk": 19, "fields": {"name": "Can delete log entry", "content_type": 5, "codename": "delete_logentry"}}, {"model": "auth.permission", "pk": 20, "fields": {"name": "Can view log entry", "content_type": 5, "codename": "view_logentry"}}, {"model": "auth.permission", "pk": 21, "fields": {"name": "Can add session", "content_type": 6, "codename": "add_session"}}, {"model": "auth.permission", "pk": 22, "fields": {"name": "Can change session", "content_type": 6, "codename": "change_session"}}, {"model": "auth.permission", "pk": 23, "fields": {"name": "Can delete session", "content_type": 6, "codename": "delete_session"}}, {"model": "auth.permission", "pk": 24, "fields": {"name": "Can view session", "content_type": 6, "codename": "view_session"}}, {"model": "auth.permission", "pk": 25, "fields": {"name": "Can add teacher", "content_type": 7, "codename": "add_teacher"}}, {"model": "auth.permission", "pk": 26, "fields": {"name": "Can change teacher", "content_type": 7, "codename": "change_teacher"}}, {"model": "auth.permission", "pk": 27, "fields": {"name": "Can delete teacher", "content_type": 7, "codename": "delete_teacher"}}, {"model": "auth.permission", "pk": 28, "fields": {"name": "Can view teacher", "content_type": 7, "codename": "view_teacher"}}, {"model": "auth.permission", "pk": 29, "fields": {"name": "Can add student", "content_type": 8, "codename": "add_student"}}, {"model": "auth.permission", "pk": 30, "fields": {"name": "Can change student", "content_type": 8, "codename": "change_student"}}, {"model": "auth.permission", "pk": 31, "fields": {"name": "Can delete student", "content_type": 8, "codename": "delete_student"}}, {"model": "auth.permission", "pk": 32, "fields": {"name": "Can view student", "content_type": 8, "codename": "view_student"}}, {"model": "auth.permission", "pk": 33, "fields": {"name": "Can add leave application", "content_type": 9, "codename": "add_leaveapplication"}}, {"model": "auth.permission", "pk": 34, "fields": {"name": "Can change leave application", "content_type": 9, "codename": "change_leaveapplication"}}, {"model": "auth.permission", "pk": 35, "fields": {"name": "Can delete leave application", "content_type": 9, "codename": "delete_leaveapplication"}}, {"model": "auth.permission", "pk": 36, "fields": {"name": "Can view leave application", "content_type": 9, "codename": "view_leaveapplication"}}, {"model": "auth.permission", "pk": 37, "fields": {"name": "Can add college class", "content_type": 10, "codename": "add_collegeclass"}}, {"model": "auth.permission", "pk": 38, "fields": {"name": "Can change college class", "content_type": 10, "codename": "change_collegeclass"}}, {"model": "auth.permission", "pk": 39, "fields": {"name": "Can delete college class", "content_type": 10, "codename": "delete_collegeclass"}}, {"model": "auth.permission", "pk": 40, "fields": {"name": "Can view college class", "content_type": 10, "codename": "view_collegeclass"}}, {"model": "auth.permission", "pk": 41, "fields": {"name": "Can add subject", "content_type": 11, "codename": "add_subject"}}, {"model": "auth.permission", "pk": 42, "fields": {"name": "Can change subject", "content_type": 11, "codename": "change_subject"}}, {"model": "auth.permission", "pk": 43, "fields": {"name": "Can delete subject", "content_type": 11, "codename": "delete_subject"}}, {"model": "auth.permission", "pk": 44, "fields": {"name": "Can view subject", "content_type": 11, "codename": "view_subject"}}, {"model": "auth.permission", "pk": 45, "fields": {"name": "Can add attendance", "content_type": 12, "codename": "add_attendance"}}, {"model": "auth.permission", "pk": 46, "fields": {"name": "Can change attendance", "content_type": 12, "codename": "change_attendance"}}, {"model": "auth.permission", "pk": 47, "fields": {"name": "Can delete attendance", "content_type": 12, "codename": "delete_attendance"}}, {"model": "auth.permission", "pk": 48, "fields": {"name": "Can view attendance", "content_type": 12, "codename": "view_attendance"}}, {"model": "auth.permission", "pk": 49, "fields": {"name": "Can add notification", "content_type": 13, "codename": "add_notification"}}, {"model": "auth.permission", "pk": 50, "fields": {"name": "Can change notification", "content_type": 13, "codename": "change_notification"}}, {"model": "auth.permission", "pk": 51, "fields": {"name": "Can delete notification", "content_type": 13, "codename": "delete_notification"}}, {"model": "auth.permission", "pk": 52, "fields": {"name": "Can view notification", "content_type": 13, "codename": "view_notification"}}, {"model": "auth.permission", "pk": 53, "fields": {"name": "Can add department", "content_type": 14, "codename": "add_department"}}, {"model": "auth.permission", "pk": 54, "fields": {"name": "Can change department", "content_type": 14, "codename": "change_department"}}, {"model": "auth.permission", "pk": 55, "fields": {"name": "Can delete department", "content_type": 14, "codename": "delete_department"}}, {"model": "auth.permission", "pk": 56, "fields": {"name": "Can view department", "content_type": 14, "codename": "view_department"}}, {"model": "auth.permission", "pk": 57, "fields": {"name": "Can add teacher notification", "content_type": 15, "codename": "add_teachernotification"}}, {"model": "auth.permission", "pk": 58, "fields": {"name": "Can change teacher notification", "content_type": 15, "codename": "change_teachernotification"}}, {"model": "auth.permission", "pk": 59, "fields": {"name": "Can delete teacher notification", "content_type": 15, "codename": "delete_teachernotification"}}, {"model": "auth.permission", "pk": 60, "fields": {"name": "Can view teacher notification", "content_type": 15, "codename": "view_teachernotification"}}, {"model": "auth.permission", "pk": 61, "fields": {"name": "Can add student notification", "content_type": 16, "codename": "add_studentnotification"}}, {"model": "auth.permission", "pk": 62, "fields": {"name": "Can change student notification", "content_type": 16, "codename": "change_studentnotification"}}, {"model": "auth.permission", "pk": 63, "fields": {"name": "Can delete student notification", "content_type": 16, "codename": "delete_studentnotification"}}, {"model": "auth.permission", "pk": 64, "fields": {"name": "Can view student notification", "content_type": 16, "codename": "view_studentnotification"}}, {"model": "auth.permission", "pk": 65, "fields": {"name": "Can add leave decision log", "content_type": 17, "codename": "add_leavedecisionlog"}}, {"model": "auth.permission", "pk": 66, "fields": {"name": "Can change leave decision log", "content_type": 17, "codename": "change_leavedecisionlog"}}, {"model": "auth.permission", "pk": 67, "fields": {"name": "Can delete leave decision log", "content_type": 17, "codename": "delete_leavedecisionlog"}}, {"model": "auth.permission", "pk": 68, "fields": {"name": "Can view leave decision log", "content_type": 17, "codename": "view_leavedecisionlog"}}, {"model": "contenttypes.contenttype", "pk": 1, "fields": {"app_label": "auth", "model": "permission"}}, {"model": "contenttypes.contenttype", "pk": 2, "fields": {"app_label": "auth", "model": "group"}}, {"model": "contenttypes.contenttype", "pk": 3, "fields": {"app_label": "contenttypes", "model": "contenttype"}}, {"model": "contenttypes.contenttype", "pk": 4, "fields": {"app_label": "accounts", "model": "user"}}, {"model": "contenttypes.contenttype", "pk": 5, "fields": {"app_label": "admin", "model": "logentry"}}, {"model": "contenttypes.contenttype", "pk": 6, "fields": {"app_label": "sessions", "model": "session"}}, {"model": "contenttypes.contenttype", "pk": 7, "fields": {"app_label": "accounts", "model": "teacher"}}, {"model": "contenttypes.contenttype", "pk": 8, "fields": {"app_label": "accounts", "model": "student"}}, {"model": "contenttypes.contenttype", "pk": 9, "fields": {"app_label": "leave", "model": "leaveapplication"}}, {"model": "contenttypes.contenttype", "pk": 10, "fields": {"app_label": "data", "model": "collegeclass"}}, {"model": "contenttypes.contenttype", "pk": 11, "fields": {"app_label": "data", "model": "subject"}}, {"model": "contenttypes.contenttype", "pk": 12, "fields": {"app_label": "data", "model": "attendance"}}, {"model": "contenttypes.contenttype", "pk": 13, "fields": {"app_label": "leave", "model": "notification"}}, {"model": "contenttypes.contenttype", "pk": 14, "fields": {"app_label": "data", "model": "department"}}, {"model": "contenttypes.contenttype", "pk": 15, "fields": {"app_label": "leave", "model": "teachernotification"}}, {"model": "contenttypes.contenttype", "pk": 16, "fields": {"app_label": "leave", "model": "studentnotification"}}, {"model": "contenttypes.contenttype", "pk": 17, "fields": {"app_label": "leave", "model": "leavedecisionlog"}}, {"model": "sessions.session", "pk": "09co9r6lzxr5jyvzvf8wnwu12vtyocv9", "fields": {"session_data": ".eJxVjEEOgjAQRe_StWlaOrTFpXvOQKYzg6CmTSisjHcXEha6_e-9_1YDbus0bFWWYWZ1VVZdfreE9JR8AH5gvhdNJa_LnPSh6JNW3ReW1-10_w4mrNNed-K9DQQQWzAGCVKwHEzTSWKwHQi2XnbuYmzMyOKcozZF9pFwDJHU5wvI_zex:1tuA4c:bA5p6oQwfGMrIo7gCWiHi2dFbYV-40sisvortagTmeQ", "expire_date": "2025-03-31T13:00:06.271Z"}}, {"model": "sessions.session", "pk": "0e0pj6kewcp3ytzlav9biahx3ni1oxfv", "fields": {"session_data": ".eJxVjEEOgjAQRe_StWlaOrTFpXvOQKYzg6CmTSisjHcXEha6_e-9_1YDbus0bFWWYWZ1VVZdfreE9JR8AH5gvhdNJa_LnPSh6JNW3ReW1-10_w4mrNNed-K9DQQQWzAGCVKwHEzTSWKwHQi2XnbuYmzMyOKcozZF9pFwDJHU5wvI_zex:1ttqy4:sExdashNmqztfecf98hjaMqcy75tOfTh-1qMNFSPo4g", "expire_date": "2025-03-30T16:36:04.750Z"}}, {"model": "sessions.session", "pk": "0o7vqu8nxth59myo210fpqi2hf4ars6t", "fields": {"session_data": ".eJxVjEEOgjAQRe_StWlaOrTFpXvOQKYzg6CmTSisjHcXEha6_e-9_1YDbus0bFWWYWZ1VVZdfreE9JR8AH5gvhdNJa_LnPSh6JNW3ReW1-10_w4mrNNed-K9DQQQWzAGCVKwHEzTSWKwHQi2XnbuYmzMyOKcozZF9pFwDJHU5wvI_zex:1u6K17:9ywEsV6UoGijyd17GTgw2pLa_W7h0p9fa6aA18ekD3E", "expire_date": "2025-05-04T02:02:45.196Z"}}, {"model": "sessions.session", "pk": "1ti95xbp76csm02wkmzm54sbejsoua94", "fields": {"session_data": ".eJxVjEEOgjAQRe_StWlaOrTFpXvOQKYzg6CmTSisjHcXEha6_e-9_1YDbus0bFWWYWZ1VVZdfreE9JR8AH5gvhdNJa_LnPSh6JNW3ReW1-10_w4mrNNed-K9DQQQWzAGCVKwHEzTSWKwHQi2XnbuYmzMyOKcozZF9pFwDJHU5wvI_zex:1u5l1x:UAh7BS5u0W7P7Pjs-lHmPGk2PDB0pVOQA1c97dXdyh0", "expire_date": "2025-05-02T12:41:17.401Z"}}, {"model": "sessions.session", "pk": "22nxks20goa7fxhi4mvrufp1c09sspqm", "fields": {"session_data": ".eJxVjEEOgjAQRe_StWlaOrTFpXvOQKYzg6CmTSisjHcXEha6_e-9_1YDbus0bFWWYWZ1VVZdfreE9JR8AH5gvhdNJa_LnPSh6JNW3ReW1-10_w4mrNNed-K9DQQQWzAGCVKwHEzTSWKwHQi2XnbuYmzMyOKcozZF9pFwDJHU5wvI_zex:1u6CXi:YUPyI0St9iW9OBerOMWEKleXDxBSmGZmP16jEsg87Bo", "expire_date": "2025-05-03T18:03:54.080Z"}}, {"model": "sessions.session", "pk": "2am5fe0sooxslsniuo9pgpa3ej81ti7l", "fields": {"session_data": ".eJxVjEEOgjAQRe_StWlaOrTFpXvOQKYzg6CmTSisjHcXEha6_e-9_1YDbus0bFWWYWZ1VVZdfreE9JR8AH5gvhdNJa_LnPSh6JNW3ReW1-10_w4mrNNed-K9DQQQWzAGCVKwHEzTSWKwHQi2XnbuYmzMyOKcozZF9pFwDJHU5wvI_zex:1tujxX:bfiI3UEkohSdfEvr-q59YjrGZ7FstB1nZJZp9Bgubqg", "expire_date": "2025-04-02T03:19:11.323Z"}}, {"model": "sessions.session", "pk": "35mnz9xa6ajw3uyn6sp8srod2b1ncsjm", "fields": {"session_data": ".eJxVjEEOgjAQRe_StWlaOrTFpXvOQKYzg6CmTSisjHcXEha6_e-9_1YDbus0bFWWYWZ1VVZdfreE9JR8AH5gvhdNJa_LnPSh6JNW3ReW1-10_w4mrNNed-K9DQQQWzAGCVKwHEzTSWKwHQi2XnbuYmzMyOKcozZF9pFwDJHU5wvI_zex:1u5lXI:f3aIeN5g_amMxaJWezo4ulsHLoGIAJCVKbHaUXwXjIg", "expire_date": "2025-05-02T13:13:40.175Z"}}, {"model": "sessions.session", "pk": "3wdjm198ol422p1jcpypn7m4ch66ip2b", "fields": {"session_data": ".eJxVjEEOgjAQRe_StWlaOrTFpXvOQKYzg6CmTSisjHcXEha6_e-9_1YDbus0bFWWYWZ1VVZdfreE9JR8AH5gvhdNJa_LnPSh6JNW3ReW1-10_w4mrNNed-K9DQQQWzAGCVKwHEzTSWKwHQi2XnbuYmzMyOKcozZF9pFwDJHU5wvI_zex:1u6Crv:ABy44sMw3sv4w3yT6-N8fZdWJLHOYZ8rDBZdHG35J0k", "expire_date": "2025-05-03T18:24:47.050Z"}}, {"model": "sessions.session", "pk": "4b48g995q8ys4ut4avhrjsinzmso2evv", "fields": {"session_data": ".eJxVjEEOgjAQRe_StWlaOrTFpXvOQKYzg6CmTSisjHcXEha6_e-9_1YDbus0bFWWYWZ1VVZdfreE9JR8AH5gvhdNJa_LnPSh6JNW3ReW1-10_w4mrNNed-K9DQQQWzAGCVKwHEzTSWKwHQi2XnbuYmzMyOKcozZF9pFwDJHU5wvI_zex:1u6CC7:tzdn5fzm4RQ7xXEISRPKcahKHkk-785YIcWRXMReTVk", "expire_date": "2025-05-03T17:41:35.382Z"}}, {"model": "sessions.session", "pk": "4jcbxko9qedjajdb16dqcg3ag1ainmam", "fields": {"session_data": ".eJxVjEEOgjAQRe_StWlaOrTFpXvOQKYzg6CmTSisjHcXEha6_e-9_1YDbus0bFWWYWZ1VVZdfreE9JR8AH5gvhdNJa_LnPSh6JNW3ReW1-10_w4mrNNed-K9DQQQWzAGCVKwHEzTSWKwHQi2XnbuYmzMyOKcozZF9pFwDJHU5wvI_zex:1tuDNP:1FErLVlbfB0K_VYh7qW1YXyMv5eE4mCWkJMranC-ZYs", "expire_date": "2025-03-31T16:31:43.178Z"}}, {"model": "sessions.session", "pk": "4n89fllcbgs1xjl1kqxt3tx8m5lj3cuz", "fields": {"session_data": ".eJxVjEEOgjAQRe_StWlaOrTFpXvOQKYzg6CmTSisjHcXEha6_e-9_1YDbus0bFWWYWZ1VVZdfreE9JR8AH5gvhdNJa_LnPSh6JNW3ReW1-10_w4mrNNed-K9DQQQWzAGCVKwHEzTSWKwHQi2XnbuYmzMyOKcozZF9pFwDJHU5wvI_zex:1u5j0l:WpBLB8Ahy31xtRpd4XXQc7JPhE3y945aAUl7B1vtMto", "expire_date": "2025-05-02T10:31:55.801Z"}}, {"model": "sessions.session", "pk": "5egdcrsc5h0rqyn8cyioc6c5hb1ax41b", "fields": {"session_data": ".eJxVjEEOgjAQRe_StWlaOrTFpXvOQKYzg6CmTSisjHcXEha6_e-9_1YDbus0bFWWYWZ1VVZdfreE9JR8AH5gvhdNJa_LnPSh6JNW3ReW1-10_w4mrNNed-K9DQQQWzAGCVKwHEzTSWKwHQi2XnbuYmzMyOKcozZF9pFwDJHU5wvI_zex:1u6CAd:nzgOeaHs6tf2Lho_ah7E26dEcKEo6F4IdN9ohx5FdNw", "expire_date": "2025-05-03T17:40:03.641Z"}}, {"model": "sessions.session", "pk": "5qw05bgena1onr90rqpj5s3cnfkf3lif", "fields": {"session_data": ".eJxVjEEOgjAQRe_StWlaOrTFpXvOQKYzg6CmTSisjHcXEha6_e-9_1YDbus0bFWWYWZ1VVZdfreE9JR8AH5gvhdNJa_LnPSh6JNW3ReW1-10_w4mrNNed-K9DQQQWzAGCVKwHEzTSWKwHQi2XnbuYmzMyOKcozZF9pFwDJHU5wvI_zex:1tuk9W:37_SNdhB3Uv4_WkPcRWiOQrt55H-JLTsY9-8o92eieM", "expire_date": "2025-04-02T03:31:34.223Z"}}, {"model": "sessions.session", "pk": "5y5umxaaasx5bgn67nkadue0emka7egc", "fields": {"session_data": ".eJxVjEEOgjAQRe_StWlaOrTFpXvOQKYzg6CmTSisjHcXEha6_e-9_1YDbus0bFWWYWZ1VVZdfreE9JR8AH5gvhdNJa_LnPSh6JNW3ReW1-10_w4mrNNed-K9DQQQWzAGCVKwHEzTSWKwHQi2XnbuYmzMyOKcozZF9pFwDJHU5wvI_zex:1u5oKu:_j8hp5C7NgTTqBOxpGVlxfclo8bZ8kAUYXZF-CFRToA", "expire_date": "2025-05-02T16:13:04.231Z"}}, {"model": "sessions.session", "pk": "670p0v98f6lkpah63kyqjq12xjbq93qi", "fields": {"session_data": ".eJxVjEEOgjAQRe_StWlaOrTFpXvOQKYzg6CmTSisjHcXEha6_e-9_1YDbus0bFWWYWZ1VVZdfreE9JR8AH5gvhdNJa_LnPSh6JNW3ReW1-10_w4mrNNed-K9DQQQWzAGCVKwHEzTSWKwHQi2XnbuYmzMyOKcozZF9pFwDJHU5wvI_zex:1tuCg0:4qYllszoLRhWw3CgBpMc2plj3WG7tSsFt3Kvtcmg8qA", "expire_date": "2025-03-31T15:46:52.873Z"}}, {"model": "sessions.session", "pk": "6m69jk6g31ynkq3eaf14dcn5nbbl0tf2", "fields": {"session_data": ".eJxVjEEOgjAQRe_StWlaOrTFpXvOQKYzg6CmTSisjHcXEha6_e-9_1YDbus0bFWWYWZ1VVZdfreE9JR8AH5gvhdNJa_LnPSh6JNW3ReW1-10_w4mrNNed-K9DQQQWzAGCVKwHEzTSWKwHQi2XnbuYmzMyOKcozZF9pFwDJHU5wvI_zex:1u5hnG:9alVdRzZf9zXoZpwRxVKdc_mLyFtAgypr5hBmo9PUTc", "expire_date": "2025-05-02T09:13:54.103Z"}}, {"model": "sessions.session", "pk": "74vsq98yw86n0ltvbgzq17zfcgv3bf3d", "fields": {"session_data": ".eJxVjEEOgjAQRe_StWlaOrTFpXvOQKYzg6CmTSisjHcXEha6_e-9_1YDbus0bFWWYWZ1VVZdfreE9JR8AH5gvhdNJa_LnPSh6JNW3ReW1-10_w4mrNNed-K9DQQQWzAGCVKwHEzTSWKwHQi2XnbuYmzMyOKcozZF9pFwDJHU5wvI_zex:1u6JyR:4oM5I_BnVVursgBFaglqigY6sNImWPZq5nmf2usrDBs", "expire_date": "2025-05-04T01:59:59.615Z"}}, {"model": "sessions.session", "pk": "7fetqk9uyg4cdktgz4ln71ey0jkd1x4f", "fields": {"session_data": ".eJxVjEEOgjAQRe_StWlaOrTFpXvOQKYzg6CmTSisjHcXEha6_e-9_1YDbus0bFWWYWZ1VVZdfreE9JR8AH5gvhdNJa_LnPSh6JNW3ReW1-10_w4mrNNed-K9DQQQWzAGCVKwHEzTSWKwHQi2XnbuYmzMyOKcozZF9pFwDJHU5wvI_zex:1u5opq:BzLjWpVh3ugoFhbyHI7Jf14k9911Y0y8XItUfS-jepM", "expire_date": "2025-05-02T16:45:02.148Z"}}, {"model": "sessions.session", "pk": "7n23j4s7geqob0g8qdycn7xyt15erhul", "fields": {"session_data": ".eJxVjEEOgjAQRe_StWlaOrTFpXvOQKYzg6CmTSisjHcXEha6_e-9_1YDbus0bFWWYWZ1VVZdfreE9JR8AH5gvhdNJa_LnPSh6JNW3ReW1-10_w4mrNNed-K9DQQQWzAGCVKwHEzTSWKwHQi2XnbuYmzMyOKcozZF9pFwDJHU5wvI_zex:1u60su:NCzQziuZrLf4rYbyAy1BFTEeW-u_rC916gMIkRsj0HE", "expire_date": "2025-05-03T05:37:00.777Z"}}, {"model": "sessions.session", "pk": "7q8i9tga6lk89wvemc1k5xqdaycfcg21", "fields": {"session_data": ".eJxVjEEOgjAQRe_StWlaOrTFpXvOQKYzg6CmTSisjHcXEha6_e-9_1YDbus0bFWWYWZ1VVZdfreE9JR8AH5gvhdNJa_LnPSh6JNW3ReW1-10_w4mrNNed-K9DQQQWzAGCVKwHEzTSWKwHQi2XnbuYmzMyOKcozZF9pFwDJHU5wvI_zex:1u5Rq1:GVzXI7wzFsg9g8tZBhMEiRas9VqD7saJPgHubn3cFiQ", "expire_date": "2025-05-01T16:11:41.998Z"}}, {"model": "sessions.session", "pk": "9do28gekdzrt3si55i8us1ugrij89fyh", "fields": {"session_data": ".eJxVjEEOgjAQRe_StWlaOrTFpXvOQKYzg6CmTSisjHcXEha6_e-9_1YDbus0bFWWYWZ1VVZdfreE9JR8AH5gvhdNJa_LnPSh6JNW3ReW1-10_w4mrNNed-K9DQQQWzAGCVKwHEzTSWKwHQi2XnbuYmzMyOKcozZF9pFwDJHU5wvI_zex:1u5hlJ:lgBpS0O2iPvAO9JtYdZFSHkIDxAO9yJp5cxbtFpWkw8", "expire_date": "2025-05-02T09:11:53.503Z"}}, {"model": "sessions.session", "pk": "aav53eogg4xqbwj02zoc6et99xwn0ur9", "fields": {"session_data": ".eJxVjEEOgjAQRe_StWlaOrTFpXvOQKYzg6CmTSisjHcXEha6_e-9_1YDbus0bFWWYWZ1VVZdfreE9JR8AH5gvhdNJa_LnPSh6JNW3ReW1-10_w4mrNNed-K9DQQQWzAGCVKwHEzTSWKwHQi2XnbuYmzMyOKcozZF9pFwDJHU5wvI_zex:1tul3Z:ZLp-j4m52PQ2QefWQR9DisHQW466SF6luOrYMzHhYSo", "expire_date": "2025-04-02T04:29:29.757Z"}}, {"model": "sessions.session", "pk": "aids312u9qrrs1u1xfdu7y2djdhqwjip", "fields": {"session_data": ".eJxVjEEOgjAQRe_StWlaOrTFpXvOQKYzg6CmTSisjHcXEha6_e-9_1YDbus0bFWWYWZ1VVZdfreE9JR8AH5gvhdNJa_LnPSh6JNW3ReW1-10_w4mrNNed-K9DQQQWzAGCVKwHEzTSWKwHQi2XnbuYmzMyOKcozZF9pFwDJHU5wvI_zex:1u69b1:5x4HW3elbHFo7nNdP0HQDm9wPYqwOxYa7PYHtZcQ87o", "expire_date": "2025-05-03T14:55:07.051Z"}}, {"model": "sessions.session", "pk": "bncswoupl69bnsmydmj9d48atfn4yy5o", "fields": {"session_data": ".eJxVjEEOgjAQRe_StWlaOrTFpXvOQKYzg6CmTSisjHcXEha6_e-9_1YDbus0bFWWYWZ1VVZdfreE9JR8AH5gvhdNJa_LnPSh6JNW3ReW1-10_w4mrNNed-K9DQQQWzAGCVKwHEzTSWKwHQi2XnbuYmzMyOKcozZF9pFwDJHU5wvI_zex:1u5g9v:AMWzav69iUwUxcZEPqLkcLMZOBgAyUwbMkbk6mzKuOY", "expire_date": "2025-05-02T07:29:11.499Z"}}, {"model": "sessions.session", "pk": "cj36f59mg1iyz094bn828xcbf9zpd588", "fields": {"session_data": ".eJxVjEEOgjAQRe_StWlaOrTFpXvOQKYzg6CmTSisjHcXEha6_e-9_1YDbus0bFWWYWZ1VVZdfreE9JR8AH5gvhdNJa_LnPSh6JNW3ReW1-10_w4mrNNed-K9DQQQWzAGCVKwHEzTSWKwHQi2XnbuYmzMyOKcozZF9pFwDJHU5wvI_zex:1u60rl:eTitPX-u0af7aFzghj49K0PNt5VcJxOjSjQ8YPDB94s", "expire_date": "2025-05-03T05:35:49.878Z"}}, {"model": "sessions.session", "pk": "cyzq1zdwctbmhrdypkvnmbxl3wt5ki41", "fields": {"session_data": ".eJxVjEEOgjAQRe_StWlaOrTFpXvOQKYzg6CmTSisjHcXEha6_e-9_1YDbus0bFWWYWZ1VVZdfreE9JR8AH5gvhdNJa_LnPSh6JNW3ReW1-10_w4mrNNed-K9DQQQWzAGCVKwHEzTSWKwHQi2XnbuYmzMyOKcozZF9pFwDJHU5wvI_zex:1u6KMi:b8q0fBIRFSrKg4YuITjntyH7nNUA9fuaNeUhfp1MrNY", "expire_date": "2025-05-04T02:25:04.333Z"}}, {"model": "sessions.session", "pk": "d7dmt6gnkbiehobk3odykpsiuplsyjn8", "fields": {"session_data": ".eJxVjEEOgjAQRe_StWlaOrTFpXvOQKYzg6CmTSisjHcXEha6_e-9_1YDbus0bFWWYWZ1VVZdfreE9JR8AH5gvhdNJa_LnPSh6JNW3ReW1-10_w4mrNNed-K9DQQQWzAGCVKwHEzTSWKwHQi2XnbuYmzMyOKcozZF9pFwDJHU5wvI_zex:1u6QbJ:eh0gQPyfVxYKobkbRU_rFn6Mo1gYe8h7HjDaH0GFUGw", "expire_date": "2025-05-04T09:04:33.768Z"}}, {"model": "sessions.session", "pk": "fiuy9t8exu8n1dpz2njs5mftd3u1h0b0", "fields": {"session_data": ".eJxVjEEOgjAQRe_StWlaOrTFpXvOQKYzg6CmTSisjHcXEha6_e-9_1YDbus0bFWWYWZ1VVZdfreE9JR8AH5gvhdNJa_LnPSh6JNW3ReW1-10_w4mrNNed-K9DQQQWzAGCVKwHEzTSWKwHQi2XnbuYmzMyOKcozZF9pFwDJHU5wvI_zex:1u5grd:uUD5toy4XxmMvUcpVBhDIad7mkrGmY1V2RsbSwGyKvw", "expire_date": "2025-05-02T08:14:21.765Z"}}, {"model": "sessions.session", "pk": "galbt62tnt3i37spnp4synsfjdhha7sm", "fields": {"session_data": ".eJxVjEEOgjAQRe_StWlaOrTFpXvOQKYzg6CmTSisjHcXEha6_e-9_1YDbus0bFWWYWZ1VVZdfreE9JR8AH5gvhdNJa_LnPSh6JNW3ReW1-10_w4mrNNed-K9DQQQWzAGCVKwHEzTSWKwHQi2XnbuYmzMyOKcozZF9pFwDJHU5wvI_zex:1u6KWt:d5JTQAEYSY1t1nFydV8av55Tt59D9Uq2358f4Hz_xRw", "expire_date": "2025-05-04T02:35:35.672Z"}}, {"model": "sessions.session", "pk": "gz9fjxcpopavi15v3qdguamjk0po1fdu", "fields": {"session_data": ".eJxVjEEOgjAQRe_StWlaOrTFpXvOQKYzg6CmTSisjHcXEha6_e-9_1YDbus0bFWWYWZ1VVZdfreE9JR8AH5gvhdNJa_LnPSh6JNW3ReW1-10_w4mrNNed-K9DQQQWzAGCVKwHEzTSWKwHQi2XnbuYmzMyOKcozZF9pFwDJHU5wvI_zex:1u6PVz:6bP_URo-hf3AKKfSsREg33RE2oQjYp9TlPcNFp1RP8k", "expire_date": "2025-05-04T07:54:59.549Z"}}, {"model": "sessions.session", "pk": "hk791tmvlld917lbiw2fi8zoyqrmqu5i", "fields": {"session_data": ".eJxVjEEOgjAQRe_StWlaOrTFpXvOQKYzg6CmTSisjHcXEha6_e-9_1YDbus0bFWWYWZ1VVZdfreE9JR8AH5gvhdNJa_LnPSh6JNW3ReW1-10_w4mrNNed-K9DQQQWzAGCVKwHEzTSWKwHQi2XnbuYmzMyOKcozZF9pFwDJHU5wvI_zex:1tukDV:sbXXilG7z4Nn5qE7O09BlySvKEBKGx9RDTwMKDdrZKQ", "expire_date": "2025-04-02T03:35:41.469Z"}}, {"model": "sessions.session", "pk": "i87mh3r10v16rx5hxlqlhpwe3jlx78fd", "fields": {"session_data": ".eJxVjEEOgjAQRe_StWlaOrTFpXvOQKYzg6CmTSisjHcXEha6_e-9_1YDbus0bFWWYWZ1VVZdfreE9JR8AH5gvhdNJa_LnPSh6JNW3ReW1-10_w4mrNNed-K9DQQQWzAGCVKwHEzTSWKwHQi2XnbuYmzMyOKcozZF9pFwDJHU5wvI_zex:1tuF5V:GsH_e1lN0_JDTHrWR0YeD_Psx34wlnZsVUqDntMYkys", "expire_date": "2025-03-31T18:21:21.260Z"}}, {"model": "sessions.session", "pk": "jbc7hnalb5ml5sxaunsqlu9v3o7snxeh", "fields": {"session_data": ".eJxVjEEOgjAQRe_StWlaOrTFpXvOQKYzg6CmTSisjHcXEha6_e-9_1YDbus0bFWWYWZ1VVZdfreE9JR8AH5gvhdNJa_LnPSh6JNW3ReW1-10_w4mrNNed-K9DQQQWzAGCVKwHEzTSWKwHQi2XnbuYmzMyOKcozZF9pFwDJHU5wvI_zex:1tuF8E:pbvyGhXEz8m-86sZfcV4MI6F24_hTydYKKXebBXXTcc", "expire_date": "2025-03-31T18:24:10.158Z"}}, {"model": "sessions.session", "pk": "kaiede2ay083rk6o81oeycwqkuhkux89", "fields": {"session_data": ".eJxVjEEOgjAQRe_StWlaOrTFpXvOQKYzg6CmTSisjHcXEha6_e-9_1YDbus0bFWWYWZ1VVZdfreE9JR8AH5gvhdNJa_LnPSh6JNW3ReW1-10_w4mrNNed-K9DQQQWzAGCVKwHEzTSWKwHQi2XnbuYmzMyOKcozZF9pFwDJHU5wvI_zex:1u6KvU:DPLAe0qjQoxG8HHjsdVOODU__nOBSPESETV_zacAg_k", "expire_date": "2025-05-04T03:01:00.804Z"}}, {"model": "sessions.session", "pk": "kqff29odyctnoe36f13wev37jfza6r8r", "fields": {"session_data": ".eJxVjEEOgjAQRe_StWlaOrTFpXvOQKYzg6CmTSisjHcXEha6_e-9_1YDbus0bFWWYWZ1VVZdfreE9JR8AH5gvhdNJa_LnPSh6JNW3ReW1-10_w4mrNNed-K9DQQQWzAGCVKwHEzTSWKwHQi2XnbuYmzMyOKcozZF9pFwDJHU5wvI_zex:1u67Ym:BIvBGJjUqz_Nq9I8GALBwiEU6XaBF9Pa4zz1q47cu5I", "expire_date": "2025-05-03T12:44:40.182Z"}}, {"model": "sessions.session", "pk": "m7ipx81pmnwwkdj1jganxp4xelv3cbpq", "fields": {"session_data": ".eJxVjEEOgjAQRe_StWlaOrTFpXvOQKYzg6CmTSisjHcXEha6_e-9_1YDbus0bFWWYWZ1VVZdfreE9JR8AH5gvhdNJa_LnPSh6JNW3ReW1-10_w4mrNNed-K9DQQQWzAGCVKwHEzTSWKwHQi2XnbuYmzMyOKcozZF9pFwDJHU5wvI_zex:1u6K6y:SWtgV-dsTJiICERfSw6lyPXtP3MmQXZ4US1aVDgjFSk", "expire_date": "2025-05-04T02:08:48.806Z"}}, {"model": "sessions.session", "pk": "qscowaez5lvpam3c08rc3zvmxuaiea3z", "fields": {"session_data": ".eJxVjEEOgjAQRe_StWlaOrTFpXvOQKYzg6CmTSisjHcXEha6_e-9_1YDbus0bFWWYWZ1VVZdfreE9JR8AH5gvhdNJa_LnPSh6JNW3ReW1-10_w4mrNNed-K9DQQQWzAGCVKwHEzTSWKwHQi2XnbuYmzMyOKcozZF9pFwDJHU5wvI_zex:1tuWPH:VM6sAHiwx4ajcNmtZ_Im4UDA5evVpGeFwO_mbOdDz3Q", "expire_date": "2025-04-01T12:50:55.856Z"}}, {"model": "sessions.session", "pk": "qvrjfhjk6n6icq973lm36s76abi8u9w1", "fields": {"session_data": ".eJxVjEEOgjAQRe_StWlaOrTFpXvOQKYzg6CmTSisjHcXEha6_e-9_1YDbus0bFWWYWZ1VVZdfreE9JR8AH5gvhdNJa_LnPSh6JNW3ReW1-10_w4mrNNed-K9DQQQWzAGCVKwHEzTSWKwHQi2XnbuYmzMyOKcozZF9pFwDJHU5wvI_zex:1u5gm7:OiB0BW-lzjy1_t_WKlOATMFECPths7VAqZSbvGtKqSc", "expire_date": "2025-05-02T08:08:39.874Z"}}, {"model": "sessions.session", "pk": "r3mm7csfrffslwl4myede07n3j98f4xq", "fields": {"session_data": ".eJxVjEEOgjAQRe_StWlaOrTFpXvOQKYzg6CmTSisjHcXEha6_e-9_1YDbus0bFWWYWZ1VVZdfreE9JR8AH5gvhdNJa_LnPSh6JNW3ReW1-10_w4mrNNed-K9DQQQWzAGCVKwHEzTSWKwHQi2XnbuYmzMyOKcozZF9pFwDJHU5wvI_zex:1tulBy:-QU8N-WTtywwrequ3fXtX9_gE4TCH9w-Loy7DBeCvfo", "expire_date": "2025-04-02T04:38:10.154Z"}}, {"model": "sessions.session", "pk": "rxswqqqgrm6s18hnesv7y3lbk4gam0zi", "fields": {"session_data": ".eJxVjEEOgjAQRe_StWlaOrTFpXvOQKYzg6CmTSisjHcXEha6_e-9_1YDbus0bFWWYWZ1VVZdfreE9JR8AH5gvhdNJa_LnPSh6JNW3ReW1-10_w4mrNNed-K9DQQQWzAGCVKwHEzTSWKwHQi2XnbuYmzMyOKcozZF9pFwDJHU5wvI_zex:1u5haE:TkjLVVmerPpnI7HT28u3avXScgL3mmCuS5afa3t0cuI", "expire_date": "2025-05-02T09:00:26.577Z"}}, {"model": "sessions.session", "pk": "s7k5numkotc7em28g2e75cshj7m9dkgv", "fields": {"session_data": ".eJxVjEEOgjAQRe_StWlaOrTFpXvOQKYzg6CmTSisjHcXEha6_e-9_1YDbus0bFWWYWZ1VVZdfreE9JR8AH5gvhdNJa_LnPSh6JNW3ReW1-10_w4mrNNed-K9DQQQWzAGCVKwHEzTSWKwHQi2XnbuYmzMyOKcozZF9pFwDJHU5wvI_zex:1u5pmT:2djahoMhNRdxHIPXfwMK2rZme95lz9AXePdsmmoJVVo", "expire_date": "2025-05-02T17:45:37.120Z"}}, {"model": "sessions.session", "pk": "t5y4vw0k1bu2yirrbs1vue951sg0jfb7", "fields": {"session_data": ".eJxVjEEOgjAQRe_StWlaOrTFpXvOQKYzg6CmTSisjHcXEha6_e-9_1YDbus0bFWWYWZ1VVZdfreE9JR8AH5gvhdNJa_LnPSh6JNW3ReW1-10_w4mrNNed-K9DQQQWzAGCVKwHEzTSWKwHQi2XnbuYmzMyOKcozZF9pFwDJHU5wvI_zex:1u671l:H3LvYgc11c7A3DMi9EBJ83P_XH9SkNjq52ONmbnLHoY", "expire_date": "2025-05-03T12:10:33.434Z"}}, {"model": "sessions.session", "pk": "u228oxlbgtdspdlj84zyl5v039h1p1xw", "fields": {"session_data": ".eJxVjEEOgjAQRe_StWlaOrTFpXvOQKYzg6CmTSisjHcXEha6_e-9_1YDbus0bFWWYWZ1VVZdfreE9JR8AH5gvhdNJa_LnPSh6JNW3ReW1-10_w4mrNNed-K9DQQQWzAGCVKwHEzTSWKwHQi2XnbuYmzMyOKcozZF9pFwDJHU5wvI_zex:1tukF0:oj_hhSNiHZU_-HyzTd6-mdPuQLTnvxXXGc_-gZuz3ns", "expire_date": "2025-04-02T03:37:14.298Z"}}, {"model": "sessions.session", "pk": "u3l6p7ycf1vdl1lnuvvhna0r2mgaus42", "fields": {"session_data": ".eJxVjEEOgjAQRe_StWlaOrTFpXvOQKYzg6CmTSisjHcXEha6_e-9_1YDbus0bFWWYWZ1VVZdfreE9JR8AH5gvhdNJa_LnPSh6JNW3ReW1-10_w4mrNNed-K9DQQQWzAGCVKwHEzTSWKwHQi2XnbuYmzMyOKcozZF9pFwDJHU5wvI_zex:1u60uS:u4Uis6hSoPeRDfz_3CJgMhGQ17gIhPkcZ14_pz3wlfA", "expire_date": "2025-05-03T05:38:36.145Z"}}, {"model": "sessions.session", "pk": "v8auq8dg1jfls7u7zqre56nyk3ku1ch7", "fields": {"session_data": ".eJxVjEEOgjAQRe_StWlaOrTFpXvOQKYzg6CmTSisjHcXEha6_e-9_1YDbus0bFWWYWZ1VVZdfreE9JR8AH5gvhdNJa_LnPSh6JNW3ReW1-10_w4mrNNed-K9DQQQWzAGCVKwHEzTSWKwHQi2XnbuYmzMyOKcozZF9pFwDJHU5wvI_zex:1u64RH:XoQBzxX_w4T6To_ZYsr64N_vJ5rig8i2-oC5J7lAFr8", "expire_date": "2025-05-03T09:24:43.013Z"}}, {"model": "sessions.session", "pk": "vd8mqsqwbtcoy8pa66ei4pylv2sp86ag", "fields": {"session_data": ".eJxVjEEOgjAQRe_StWlaOrTFpXvOQKYzg6CmTSisjHcXEha6_e-9_1YDbus0bFWWYWZ1VVZdfreE9JR8AH5gvhdNJa_LnPSh6JNW3ReW1-10_w4mrNNed-K9DQQQWzAGCVKwHEzTSWKwHQi2XnbuYmzMyOKcozZF9pFwDJHU5wvI_zex:1tuaFV:yKuCRX7GmGWkJSbGbCgu-_C2b0JdFkZyVNfsiEVN3N8", "expire_date": "2025-04-01T16:57:05.428Z"}}, {"model": "sessions.session", "pk": "w9zkkn9fat9gynzz1miqaidnj30frdzk", "fields": {"session_data": ".eJxVjEEOgjAQRe_StWlaOrTFpXvOQKYzg6CmTSisjHcXEha6_e-9_1YDbus0bFWWYWZ1VVZdfreE9JR8AH5gvhdNJa_LnPSh6JNW3ReW1-10_w4mrNNed-K9DQQQWzAGCVKwHEzTSWKwHQi2XnbuYmzMyOKcozZF9pFwDJHU5wvI_zex:1tuO2o:pkhu85XLVKyE0jlfb2I5RxvwCaqaPdkhNI39tlEHKZ8", "expire_date": "2025-04-01T03:55:10.165Z"}}, {"model": "sessions.session", "pk": "ybddoxndpnzn7w8vp7egi5birlk0ltnr", "fields": {"session_data": ".eJxVjEEOgjAQRe_StWlaOrTFpXvOQKYzg6CmTSisjHcXEha6_e-9_1YDbus0bFWWYWZ1VVZdfreE9JR8AH5gvhdNJa_LnPSh6JNW3ReW1-10_w4mrNNed-K9DQQQWzAGCVKwHEzTSWKwHQi2XnbuYmzMyOKcozZF9pFwDJHU5wvI_zex:1u6Orj:ALf_aYcEy_EVqeJkWfmEp1coercWOuNU6SpQ04QgERQ", "expire_date": "2025-05-04T07:13:23.540Z"}}, {"model": "sessions.session", "pk": "ycve1qqs07i0do248w1tz2ymx6q6hjqh", "fields": {"session_data": ".eJxVjEEOgjAQRe_StWlaOrTFpXvOQKYzg6CmTSisjHcXEha6_e-9_1YDbus0bFWWYWZ1VVZdfreE9JR8AH5gvhdNJa_LnPSh6JNW3ReW1-10_w4mrNNed-K9DQQQWzAGCVKwHEzTSWKwHQi2XnbuYmzMyOKcozZF9pFwDJHU5wvI_zex:1u5hYX:pGFZyWr1hVqTkeKurW1--gk1skfxyz-JJkDP8Gcregk", "expire_date": "2025-05-02T08:58:41.800Z"}}, {"model": "sessions.session", "pk": "yhhasuq69io5xaqchy25cuiqgxs7s6ll", "fields": {"session_data": ".eJxVjEEOgjAQRe_StWlaOrTFpXvOQKYzg6CmTSisjHcXEha6_e-9_1YDbus0bFWWYWZ1VVZdfreE9JR8AH5gvhdNJa_LnPSh6JNW3ReW1-10_w4mrNNed-K9DQQQWzAGCVKwHEzTSWKwHQi2XnbuYmzMyOKcozZF9pFwDJHU5wvI_zex:1tuikl:OPVSPx8acC3Q42EDXTV871mi4O6oRJxVZQSyQKmY2OQ", "expire_date": "2025-04-02T02:01:55.608Z"}}, {"model": "sessions.session", "pk": "yv8ycrj30zbtkmu6h1m2wlfcnilg31b1", "fields": {"session_data": ".eJxVjEEOgjAQRe_StWlaOrTFpXvOQKYzg6CmTSisjHcXEha6_e-9_1YDbus0bFWWYWZ1VVZdfreE9JR8AH5gvhdNJa_LnPSh6JNW3ReW1-10_w4mrNNed-K9DQQQWzAGCVKwHEzTSWKwHQi2XnbuYmzMyOKcozZF9pFwDJHU5wvI_zex:1u6CNh:YCX9S2kNOID0aFHpD67ERM_xfntrKX9G3lZcTKbjGTw", "expire_date": "2025-05-03T17:53:33.197Z"}}, {"model": "sessions.session", "pk": "zienh9ibiw3aicljgnea1r4wnjpm93fe", "fields": {"session_data": ".eJxVjEEOgjAQRe_StWlaOrTFpXvOQKYzg6CmTSisjHcXEha6_e-9_1YDbus0bFWWYWZ1VVZdfreE9JR8AH5gvhdNJa_LnPSh6JNW3ReW1-10_w4mrNNed-K9DQQQWzAGCVKwHEzTSWKwHQi2XnbuYmzMyOKcozZF9pFwDJHU5wvI_zex:1tuYLe:px7yIYew0wq0juM6AyzPp4KfBMju3jrouwmL3lD3eCI", "expire_date": "2025-04-01T14:55:18.302Z"}}, {"model": "accounts.user", "pk": 1, "fields": {"password": "pbkdf2_sha256$870000$FPV3L8a9WEodmi5BlZTsIh$0PBuar9iLSO67Vunmu14QYCoB6I+WejbkEaqzAzQENU=", "last_login": "2025-04-20T09:04:33.660Z", "is_superuser": true, "username": "om", "first_name": "", "last_name": "", "email": "om@om.com", "is_staff": true, "is_active": true, "date_joined": "2025-03-16T16:35:37Z", "role": "principal", "groups": [], "user_permissions": []}}, {"model": "accounts.user", "pk": 30, "fields": {"password": "pbkdf2_sha256$870000$gPsHvORVAwrdScwVAqBIbi$znRi/eJzag54N6o/3wwmEtB70bgtaZP2Rsp+04qZ6Uo=", "last_login": null, "is_superuser": false, "username": "Ashish", "first_name": "", "last_name": "", "email": "ashish@ashish.com", "is_staff": false, "is_active": true, "date_joined": "2025-04-18T10:22:04.896Z", "role": "student", "groups": [], "user_permissions": []}}, {"model": "accounts.user", "pk": 31, "fields": {"password": "pbkdf2_sha256$870000$wEfC2J44jCFdYhHR1kkjFB$LYJJzlYG7cOfKmh8NZvbwx9tPNDA7xRM5BHyHoJV6E4=", "last_login": null, "is_superuser": false, "username": "suyash", "first_name": "", "last_name": "", "email": "suyash@suyash.com", "is_staff": false, "is_active": true, "date_joined": "2025-04-18T10:22:46.032Z", "role": "student", "groups": [], "user_permissions": []}}, {"model": "accounts.user", "pk": 32, "fields": {"password": "pbkdf2_sha256$870000$pnAkrPdrUGGWpm4FaDo8TQ$7gKWEXYJtgGY+Eqb+PFkqcyRZzK1ndKok0CwwB6NlQ4=", "last_login": null, "is_superuser": false, "username": "atharv", "first_name": "", "last_name": "", "email": "atharv@atharv.com", "is_staff": false, "is_active": true, "date_joined": "2025-04-18T10:23:21.086Z", "role": "student", "groups": [], "user_permissions": []}}, {"model": "accounts.user", "pk": 33, "fields": {"password": "pbkdf2_sha256$870000$399V3BArttJzpTmR5LRWWC$DQau8S1pesU9hAeR+LhbbDCQyx2kPkXzZKOuHLOCz+M=", "last_login": null, "is_superuser": false, "username": "darshan", "first_name": "", "last_name": "", "email": "darshan@darshan.com", "is_staff": false, "is_active": true, "date_joined": "2025-04-18T10:24:25.173Z", "role": "student", "groups": [], "user_permissions": []}}, {"model": "accounts.user", "pk": 34, "fields": {"password": "pbkdf2_sha256$870000$KO8TtleNqfF8I8vQWL5QXU$yzW5Z/avJ9p3TF60rDboR41UqgMLN/OklitUjrLqiKI=", "last_login": null, "is_superuser": false, "username": "dhruv", "first_name": "", "last_name": "", "email": "dhruv@dhruv.com", "is_staff": false, "is_active": true, "date_joined": "2025-04-18T10:25:01.059Z", "role": "student", "groups": [], "user_permissions": []}}, {"model": "accounts.user", "pk": 35, "fields": {"password": "pbkdf2_sha256$870000$pncjMrzKKnitA1vNrpOIlg$vogpd4LpFAuzregqhn4tmZpu6HmrJXOoFH1gIXeDJa4=", "last_login": null, "is_superuser": false, "username": "yogita", "first_name": "", "last_name": "", "email": "yogita@yogita.com", "is_staff": false, "is_active": true, "date_joined": "2025-04-18T10:29:42.270Z", "role": "teacher", "groups": [], "user_permissions": []}}, {"model": "accounts.user", "pk": 36, "fields": {"password": "pbkdf2_sha256$870000$futzGHYDkGCxbjBKXsCsw9$6ai4xAPR2QBqHC3gzwvl1IVaSvwoyP1lDhFUxmsi+Dk=", "last_login": null, "is_superuser": false, "username": "priti", "first_name": "", "last_name": "", "email": "priti@priti.com", "is_staff": false, "is_active": true, "date_joined": "2025-04-18T10:30:19.437Z", "role": "teacher", "groups": [], "user_permissions": []}}, {"model": "accounts.user", "pk": 37, "fields": {"password": "pbkdf2_sha256$870000$QncXYVpIiCFoeXfnsrFFlV$0BtRIvyJXDdNSnYxrsVYgePbe6pck4iETltv+1IUVUI=", "last_login": null, "is_superuser": false, "username": "samrudha", "first_name": "", "last_name": "", "email": "samrudha@samrudha.com", "is_staff": false, "is_active": true, "date_joined": "2025-04-18T10:30:52.758Z", "role": "teacher", "groups": [], "user_permissions": []}}, {"model": "accounts.user", "pk": 38, "fields": {"password": "pbkdf2_sha256$870000$wrsU6pCr6J8pHVQRMW8t19$4SCp8t4oFVKVDmq/PSQG3L4CPoscRCsKUlCvgAseaq0=", "last_login": null, "is_superuser": false, "username": "gayatri", "first_name": "", "last_name": "", "email": "gayatri@gayatri.com", "is_staff": false, "is_active": true, "date_joined": "2025-04-18T10:31:19.701Z", "role": "teacher", "groups": [], "user_permissions": []}}, {"model": "accounts.user", "pk": 39, "fields": {"password": "pbkdf2_sha256$870000$Wmej9YIiZscsYtOGXgJNT4$aFpIhgQV3c6UBvGobIcpVs/XeUNRpktYmOuUoyi+b1k=", "last_login": null, "is_superuser": false, "username": "snehal", "first_name": "", "last_name": "", "email": "snehal@snehal.com", "is_staff": false, "is_active": true, "date_joined": "2025-04-18T10:31:48.206Z", "role": "teacher", "groups": [], "user_permissions": []}}, {"model": "accounts.user", "pk": 40, "fields": {"password": "pbkdf2_sha256$870000$fPdmC9NDnUbqnFFgZQKr93$+tgsJBb40qqmHQ9ohSuLV09r+jygomyMZdzn7wsfuUg=", "last_login": null, "is_superuser": false, "username": "pradnya", "first_name": "", "last_name": "", "email": "pradnya@pradnya.com", "is_staff": false, "is_active": true, "date_joined": "2025-04-18T10:36:37.492Z", "role": "teacher", "groups": [], "user_permissions": []}}, {"model": "accounts.user", "pk": 41, "fields": {"password": "pbkdf2_sha256$870000$UWpo06gHiO4lBgXJXUBQ6W$MOvXRZdVIcv9WkCcIHlKuVgU6PMgrOVmLqh0mUHXaVk=", "last_login": null, "is_superuser": false, "username": "kubal", "first_name": "", "last_name": "", "email": "kubal@kubal.com", "is_staff": false, "is_active": true, "date_joined": "2025-04-18T10:37:21.152Z", "role": "teacher", "groups": [], "user_permissions": []}}, {"model": "accounts.user", "pk": 42, "fields": {"password": "pbkdf2_sha256$870000$32K8QoYMdsUnZtzP6JPigW$TNj4prUiBjYeTOuRwTrvZbkpGerSASCTeD1iYKwbNDE=", "last_login": null, "is_superuser": false, "username": "rakibe", "first_name": "", "last_name": "", "email": "rakibe@rakibe.com", "is_staff": false, "is_active": true, "date_joined": "2025-04-18T10:37:54.025Z", "role": "teacher", "groups": [], "user_permissions": []}}, {"model": "accounts.user", "pk": 43, "fields": {"password": "pbkdf2_sha256$870000$OIuKVpxFSPeZxMaPPHb4QJ$AEvo5z27cuLz5H2k94ukRp7450smLR+QuIlyM1M2/Og=", "last_login": null, "is_superuser": false, "username": "chaitali", "first_name": "", "last_name": "", "email": "chailtali@chaitali.com", "is_staff": false, "is_active": true, "date_joined": "2025-04-18T10:38:32.785Z", "role": "teacher", "groups": [], "user_permissions": []}}, {"model": "accounts.user", "pk": 44, "fields": {"password": "pbkdf2_sha256$870000$02SL47f07iqOBCudZndn7s$oHymTXCoJy1PcJpZQ1TfQcwl/nM2t4pfFGQumCPgXEA=", "last_login": null, "is_superuser": false, "username": "pratibha", "first_name": "", "last_name": "", "email": "pratibha@pratibha.com", "is_staff": false, "is_active": true, "date_joined": "2025-04-18T10:40:55.560Z", "role": "teacher", "groups": [], "user_permissions": []}}, {"model": "accounts.user", "pk": 45, "fields": {"password": "pbkdf2_sha256$870000$TfP0tS9niluaJuy7pJaAkC$9yhlUmaFpyIx4PBRSUa2Dpx5eJkOFEPjfEMRGoA51tY=", "last_login": null, "is_superuser": false, "username": "shivam", "first_name": "", "last_name": "", "email": "shivam@shivam.com", "is_staff": false, "is_active": true, "date_joined": "2025-04-21T05:57:46.492Z", "role": "student", "groups": [], "user_permissions": []}}, {"model": "accounts.student", "pk": 6, "fields": {"user": 30, "roll_no": "1", "CRN": "3723111001", "department": 6, "student_class": 12, "division": "B"}}, {"model": "accounts.student", "pk": 7, "fields": {"user": 31, "roll_no": "2", "CRN": "3723111002", "department": 6, "student_class": 13, "division": "A"}}, {"model": "accounts.student", "pk": 8, "fields": {"user": 32, "roll_no": "3", "CRN": "3723111003", "department": 7, "student_class": 10, "division": "B"}}, {"model": "accounts.student", "pk": 9, "fields": {"user": 33, "roll_no": "4", "CRN": "3723111004", "department": 7, "student_class": 11, "division": "A"}}, {"model": "accounts.student", "pk": 10, "fields": {"user": 34, "roll_no": "5", "CRN": "3723111005", "department": 6, "student_class": 12, "division": "B"}}, {"model": "accounts.student", "pk": 11, "fields": {"user": 45, "roll_no": null, "CRN": null, "department": null, "student_class": null, "division": ""}}, {"model": "accounts.teacher", "pk": 13, "fields": {"user": 35, "teacher_id": "t1", "subject": "null", "qualification": "PHD", "teacher_role": "co-ordinator"}}, {"model": "accounts.teacher", "pk": 14, "fields": {"user": 36, "teacher_id": "t2", "subject": "null", "qualification": "PHD", "teacher_role": "teacher"}}, {"model": "accounts.teacher", "pk": 15, "fields": {"user": 37, "teacher_id": "t3", "subject": "null", "qualification": "PHD", "teacher_role": "teacher"}}, {"model": "accounts.teacher", "pk": 16, "fields": {"user": 38, "teacher_id": "t4", "subject": "PS", "qualification": "PHD", "teacher_role": "teacher"}}, {"model": "accounts.teacher", "pk": 17, "fields": {"user": 39, "teacher_id": "t5", "subject": "Math", "qualification": "PHD", "teacher_role": "hod"}}, {"model": "accounts.teacher", "pk": 18, "fields": {"user": 40, "teacher_id": "t6", "subject": "null", "qualification": "PHD", "teacher_role": "teacher"}}, {"model": "accounts.teacher", "pk": 19, "fields": {"user": 41, "teacher_id": "t7", "subject": null, "qualification": "PHD\n\n", "teacher_role": ""}}, {"model": "accounts.teacher", "pk": 20, "fields": {"user": 42, "teacher_id": "t8", "subject": "null", "qualification": "PHD", "teacher_role": "co-ordinator"}}, {"model": "accounts.teacher", "pk": 21, "fields": {"user": 43, "teacher_id": "t9", "subject": null, "qualification": "PHD", "teacher_role": ""}}, {"model": "accounts.teacher", "pk": 22, "fields": {"user": 44, "teacher_id": "t10", "subject": null, "qualification": "PHD", "teacher_role": "co-ordinator"}}, {"model": "leave.leaveapplication", "pk": 9, "fields": {"student": 6, "date_of_application": "2025-04-20", "branch": "AIDS", "shift": "Regular", "activity_name": "coding", "reason": "i attending the competition", "from_date": "2025-04-25", "to_date": "2025-04-26", "authority": 13, "class_coordinator": 13, "hod": 17, "authority_remark": true, "cc_remark": true, "hod_remark": true, "feedback": "okay good i am approving your attendance", "status": "approved", "subject1": "DCN", "subject1_attendance": "75.00", "subject2": "PS", "subject2_attendance": "80.00", "subject3": "SE", "subject3_attendance": "85.00", "subject4": "DBMS", "subject4_attendance": "90.00"}}, {"model": "leave.leaveapplication", "pk": 10, "fields": {"student": 7, "date_of_application": "2025-04-21", "branch": "AIDS", "shift": "Morning", "activity_name": "codevita", "reason": "I am going for this competition organized by TCS", "from_date": "2025-04-29", "to_date": "2025-04-30", "authority": 13, "class_coordinator": 22, "hod": 17, "authority_remark": true, "cc_remark": true, "hod_remark": true, "feedback": "yes i am approving this because it is well known competition", "status": "approved", "subject1": "DCN", "subject1_attendance": "65.00", "subject2": "PS", "subject2_attendance": "70.00", "subject3": "SE", "subject3_attendance": "75.00", "subject4": "DBMS", "subject4_attendance": "80.00"}}, {"model": "leave.leaveapplication", "pk": 11, "fields": {"student": 7, "date_of_application": "2025-04-21", "branch": "AIDS", "shift": "Morning", "activity_name": "codjfokdsjfk", "reason": "i am going", "from_date": "2025-04-18", "to_date": "2025-04-19", "authority": 22, "class_coordinator": 22, "hod": 17, "authority_remark": true, "cc_remark": true, "hod_remark": true, "feedback": "fdgfdsgdfsg", "status": "approved", "subject1": "DCN", "subject1_attendance": "65.00", "subject2": "PS", "subject2_attendance": "70.00", "subject3": "SE", "subject3_attendance": "75.00", "subject4": "DBMS", "subject4_attendance": "80.00"}}, {"model": "leave.leaveapplication", "pk": 12, "fields": {"student": 7, "date_of_application": "2025-04-21", "branch": "AIDS", "shift": "Morning", "activity_name": "dsfsdfa", "reason": "adsfadfsfda", "from_date": "2025-04-23", "to_date": "2025-04-24", "authority": 13, "class_coordinator": 22, "hod": 17, "authority_remark": null, "cc_remark": null, "hod_remark": null, "feedback": null, "status": "pending", "subject1": "DCN", "subject1_attendance": "65.00", "subject2": "PS", "subject2_attendance": "70.00", "subject3": "SE", "subject3_attendance": "75.00", "subject4": "DBMS", "subject4_attendance": "80.00"}}, {"model": "leave.leaveapplication", "pk": 13, "fields": {"student": 9, "date_of_application": "2025-04-21", "branch": "Computer", "shift": "Morning", "activity_name": "codevita", "reason": "i am going to this competition organized by tcs", "from_date": "2025-04-29", "to_date": "2025-04-30", "authority": 13, "class_coordinator": 20, "hod": 17, "authority_remark": true, "cc_remark": true, "hod_remark": false, "feedback": "your attendance is below 75", "status": "rejected", "subject1": "DCN", "subject1_attendance": "71.00", "subject2": "PS", "subject2_attendance": "76.00", "subject3": "SE", "subject3_attendance": "81.00", "subject4": "DBMS", "subject4_attendance": "86.00"}}, {"model": "leave.leaveapplication", "pk": 14, "fields": {"student": 7, "date_of_application": "2025-04-22", "branch": "AIDS", "shift": "Morning", "activity_name": "codevita ", "reason": "i am going for this", "from_date": "2025-04-25", "to_date": "2025-04-26", "authority": 13, "class_coordinator": 22, "hod": 17, "authority_remark": true, "cc_remark": true, "hod_remark": true, "feedback": "attendance good ", "status": "approved", "subject1": "DCN", "subject1_attendance": "65.00", "subject2": "PS", "subject2_attendance": "70.00", "subject3": "SE", "subject3_attendance": "75.00", "subject4": "DBMS", "subject4_attendance": "80.00"}}, {"model": "leave.teachernotification", "pk": 9, "fields": {"user": 38, "message": "Ashish's leave has been approved by the HOD. from 2025-04-25 to 2025-04-26 His/Her Roll No is 1, class is SYBTECH-AIDS - Regular, Thank you!", "from_date": "2025-04-25", "to_date": "2025-04-26", "is_read": false, "created_at": "2025-04-20T11:46:12.220Z"}}, {"model": "leave.teachernotification", "pk": 10, "fields": {"user": 35, "message": "Ashish's leave has been approved by the HOD. from 2025-04-25 to 2025-04-26 His/Her Roll No is 1, class is SYBTECH-AIDS - Regular, Thank you!", "from_date": "2025-04-25", "to_date": "2025-04-26", "is_read": true, "created_at": "2025-04-20T11:46:12.294Z"}}, {"model": "leave.teachernotification", "pk": 11, "fields": {"user": 36, "message": "Ashish's leave has been approved by the HOD. from 2025-04-25 to 2025-04-26 His/Her Roll No is 1, class is SYBTECH-AIDS - Regular, Thank you!", "from_date": "2025-04-25", "to_date": "2025-04-26", "is_read": false, "created_at": "2025-04-20T11:46:12.445Z"}}, {"model": "leave.teachernotification", "pk": 12, "fields": {"user": 37, "message": "Ashish's leave has been approved by the HOD. from 2025-04-25 to 2025-04-26 His/Her Roll No is 1, class is SYBTECH-AIDS - Regular, Thank you!", "from_date": "2025-04-25", "to_date": "2025-04-26", "is_read": false, "created_at": "2025-04-20T11:46:12.619Z"}}, {"model": "leave.teachernotification", "pk": 13, "fields": {"user": 38, "message": "suyash's leave has been approved by the HOD. from 2025-04-29 to 2025-04-30 His/Her Roll No is 2, class is SYBTECH-AIDS - Morning, Thank you!", "from_date": "2025-04-29", "to_date": "2025-04-30", "is_read": false, "created_at": "2025-04-21T02:00:18.355Z"}}, {"model": "leave.teachernotification", "pk": 14, "fields": {"user": 35, "message": "suyash's leave has been approved by the HOD. from 2025-04-29 to 2025-04-30 His/Her Roll No is 2, class is SYBTECH-AIDS - Morning, Thank you!", "from_date": "2025-04-29", "to_date": "2025-04-30", "is_read": true, "created_at": "2025-04-21T02:00:19.046Z"}}, {"model": "leave.teachernotification", "pk": 15, "fields": {"user": 36, "message": "suyash's leave has been approved by the HOD. from 2025-04-29 to 2025-04-30 His/Her Roll No is 2, class is SYBTECH-AIDS - Morning, Thank you!", "from_date": "2025-04-29", "to_date": "2025-04-30", "is_read": false, "created_at": "2025-04-21T02:00:19.225Z"}}, {"model": "leave.teachernotification", "pk": 16, "fields": {"user": 37, "message": "suyash's leave has been approved by the HOD. from 2025-04-29 to 2025-04-30 His/Her Roll No is 2, class is SYBTECH-AIDS - Morning, Thank you!", "from_date": "2025-04-29", "to_date": "2025-04-30", "is_read": false, "created_at": "2025-04-21T02:00:19.367Z"}}, {"model": "leave.teachernotification", "pk": 17, "fields": {"user": 38, "message": "suyash's leave has been approved by the HOD. from 2025-04-18 to 2025-04-19 His/Her Roll No is 2, class is SYBTECH-AIDS - Morning, Thank you!", "from_date": "2025-04-18", "to_date": "2025-04-19", "is_read": false, "created_at": "2025-04-21T05:29:13.454Z"}}, {"model": "leave.teachernotification", "pk": 18, "fields": {"user": 35, "message": "suyash's leave has been approved by the HOD. from 2025-04-18 to 2025-04-19 His/Her Roll No is 2, class is SYBTECH-AIDS - Morning, Thank you!", "from_date": "2025-04-18", "to_date": "2025-04-19", "is_read": false, "created_at": "2025-04-21T05:29:13.545Z"}}, {"model": "leave.teachernotification", "pk": 19, "fields": {"user": 36, "message": "suyash's leave has been approved by the HOD. from 2025-04-18 to 2025-04-19 His/Her Roll No is 2, class is SYBTECH-AIDS - Morning, Thank you!", "from_date": "2025-04-18", "to_date": "2025-04-19", "is_read": false, "created_at": "2025-04-21T05:29:13.616Z"}}, {"model": "leave.teachernotification", "pk": 20, "fields": {"user": 37, "message": "suyash's leave has been approved by the HOD. from 2025-04-18 to 2025-04-19 His/Her Roll No is 2, class is SYBTECH-AIDS - Morning, Thank you!", "from_date": "2025-04-18", "to_date": "2025-04-19", "is_read": false, "created_at": "2025-04-21T05:29:13.686Z"}}, {"model": "leave.teachernotification", "pk": 21, "fields": {"user": 38, "message": "suyash's leave has been approved by the HOD. from 2025-04-25 to 2025-04-26 His/Her Roll No is 2, class is SYBTECH-AIDS - Morning, Thank you!", "from_date": "2025-04-25", "to_date": "2025-04-26", "is_read": false, "created_at": "2025-04-22T04:45:08.987Z"}}, {"model": "leave.teachernotification", "pk": 22, "fields": {"user": 35, "message": "suyash's leave has been approved by the HOD. from 2025-04-25 to 2025-04-26 His/Her Roll No is 2, class is SYBTECH-AIDS - Morning, Thank you!", "from_date": "2025-04-25", "to_date": "2025-04-26", "is_read": false, "created_at": "2025-04-22T04:45:09.062Z"}}, {"model": "leave.teachernotification", "pk": 23, "fields": {"user": 36, "message": "suyash's leave has been approved by the HOD. from 2025-04-25 to 2025-04-26 His/Her Roll No is 2, class is SYBTECH-AIDS - Morning, Thank you!", "from_date": "2025-04-25", "to_date": "2025-04-26", "is_read": false, "created_at": "2025-04-22T04:45:09.122Z"}}, {"model": "leave.teachernotification", "pk": 24, "fields": {"user": 37, "message": "suyash's leave has been approved by the HOD. from 2025-04-25 to 2025-04-26 His/Her Roll No is 2, class is SYBTECH-AIDS - Morning, Thank you!", "from_date": "2025-04-25", "to_date": "2025-04-26", "is_read": false, "created_at": "2025-04-22T04:45:09.192Z"}}, {"model": "leave.studentnotification", "pk": 26, "fields": {"user": 30, "message": "Your leave has been approved by the Authority.", "is_read": false, "created_at": "2025-04-20T11:45:23.573Z"}}, {"model": "leave.studentnotification", "pk": 27, "fields": {"user": 30, "message": "Your leave has been approved by the Class Coordinator.", "is_read": false, "created_at": "2025-04-20T11:45:43.044Z"}}, {"model": "leave.studentnotification", "pk": 28, "fields": {"user": 30, "message": "Your leave has been approved by the HOD.", "is_read": false, "created_at": "2025-04-20T11:46:12.778Z"}}, {"model": "leave.studentnotification", "pk": 29, "fields": {"user": 31, "message": "Your leave has been approved by the Authority.", "is_read": true, "created_at": "2025-04-21T01:58:58.541Z"}}, {"model": "leave.studentnotification", "pk": 30, "fields": {"user": 31, "message": "Your leave has been approved by the Class Coordinator.", "is_read": true, "created_at": "2025-04-21T02:00:01.703Z"}}, {"model": "leave.studentnotification", "pk": 31, "fields": {"user": 31, "message": "Your leave has been approved by the HOD.", "is_read": true, "created_at": "2025-04-21T02:00:19.447Z"}}, {"model": "leave.studentnotification", "pk": 32, "fields": {"user": 31, "message": "Your leave has been approved by the Authority.", "is_read": true, "created_at": "2025-04-21T05:27:58.906Z"}}, {"model": "leave.studentnotification", "pk": 33, "fields": {"user": 31, "message": "Your leave has been approved by the Class Coordinator.", "is_read": true, "created_at": "2025-04-21T05:28:15.613Z"}}, {"model": "leave.studentnotification", "pk": 34, "fields": {"user": 31, "message": "Your leave has been approved by the HOD.", "is_read": true, "created_at": "2025-04-21T05:29:13.793Z"}}, {"model": "leave.studentnotification", "pk": 35, "fields": {"user": 33, "message": "Your leave has been approved by the Authority.", "is_read": false, "created_at": "2025-04-21T06:05:57.955Z"}}, {"model": "leave.studentnotification", "pk": 36, "fields": {"user": 33, "message": "Your leave has been approved by the Class Coordinator.", "is_read": false, "created_at": "2025-04-21T06:07:27.337Z"}}, {"model": "leave.studentnotification", "pk": 37, "fields": {"user": 33, "message": "Your leave has been rejected by the HOD.", "is_read": false, "created_at": "2025-04-21T06:09:05.027Z"}}, {"model": "leave.studentnotification", "pk": 38, "fields": {"user": 31, "message": "Your leave has been approved by the Authority.", "is_read": false, "created_at": "2025-04-22T04:43:35.731Z"}}, {"model": "leave.studentnotification", "pk": 39, "fields": {"user": 31, "message": "Your leave has been approved by the Class Coordinator.", "is_read": false, "created_at": "2025-04-22T04:44:27.288Z"}}, {"model": "leave.studentnotification", "pk": 40, "fields": {"user": 31, "message": "Your leave has been approved by the HOD.", "is_read": false, "created_at": "2025-04-22T04:45:09.261Z"}}, {"model": "leave.leavedecisionlog", "pk": 24, "fields": {"leave_application": 9, "stage": "authority", "status": true, "remark": "Accepted By Authority", "acted_by": 13, "hod": 17, "timestamp": "2025-04-20T11:45:23.642Z"}}, {"model": "leave.leavedecisionlog", "pk": 25, "fields": {"leave_application": 9, "stage": "cc", "status": true, "remark": "Accepted by cc", "acted_by": 13, "hod": 17, "timestamp": "2025-04-20T11:45:43.161Z"}}, {"model": "leave.leavedecisionlog", "pk": 26, "fields": {"leave_application": 9, "stage": "hod", "status": true, "remark": "Approved By HOD", "acted_by": 17, "hod": 17, "timestamp": "2025-04-20T11:46:12.930Z"}}, {"model": "leave.leavedecisionlog", "pk": 27, "fields": {"leave_application": 10, "stage": "authority", "status": true, "remark": "Accepted By Authority", "acted_by": 13, "hod": 17, "timestamp": "2025-04-21T01:58:58.631Z"}}, {"model": "leave.leavedecisionlog", "pk": 28, "fields": {"leave_application": 10, "stage": "cc", "status": true, "remark": "Accepted by cc", "acted_by": 22, "hod": 17, "timestamp": "2025-04-21T02:00:01.798Z"}}, {"model": "leave.leavedecisionlog", "pk": 29, "fields": {"leave_application": 10, "stage": "hod", "status": true, "remark": "Approved By HOD", "acted_by": 17, "hod": 17, "timestamp": "2025-04-21T02:00:19.518Z"}}, {"model": "leave.leavedecisionlog", "pk": 30, "fields": {"leave_application": 11, "stage": "authority", "status": true, "remark": "Accepted By Authority", "acted_by": 22, "hod": 17, "timestamp": "2025-04-21T05:27:59.003Z"}}, {"model": "leave.leavedecisionlog", "pk": 31, "fields": {"leave_application": 11, "stage": "cc", "status": true, "remark": "Accepted by cc", "acted_by": 22, "hod": 17, "timestamp": "2025-04-21T05:28:15.754Z"}}, {"model": "leave.leavedecisionlog", "pk": 32, "fields": {"leave_application": 11, "stage": "hod", "status": true, "remark": "Approved By HOD", "acted_by": 17, "hod": 17, "timestamp": "2025-04-21T05:29:13.894Z"}}, {"model": "leave.leavedecisionlog", "pk": 33, "fields": {"leave_application": 13, "stage": "authority", "status": true, "remark": "Accepted By Authority", "acted_by": 13, "hod": 17, "timestamp": "2025-04-21T06:05:58.069Z"}}, {"model": "leave.leavedecisionlog", "pk": 34, "fields": {"leave_application": 13, "stage": "cc", "status": true, "remark": "Accepted by cc", "acted_by": 20, "hod": 17, "timestamp": "2025-04-21T06:07:27.444Z"}}, {"model": "leave.leavedecisionlog", "pk": 35, "fields": {"leave_application": 13, "stage": "hod", "status": false, "remark": "Reject by HOD", "acted_by": 17, "hod": 17, "timestamp": "2025-04-21T06:09:05.105Z"}}, {"model": "leave.leavedecisionlog", "pk": 36, "fields": {"leave_application": 14, "stage": "authority", "status": true, "remark": "Accepted By Authority", "acted_by": 13, "hod": 17, "timestamp": "2025-04-22T04:43:35.809Z"}}, {"model": "leave.leavedecisionlog", "pk": 37, "fields": {"leave_application": 14, "stage": "cc", "status": true, "remark": "Accepted by cc", "acted_by": 22, "hod": 17, "timestamp": "2025-04-22T04:44:27.357Z"}}, {"model": "leave.leavedecisionlog", "pk": 38, "fields": {"leave_application": 14, "stage": "hod", "status": true, "remark": "Approved By HOD", "acted_by": 17, "hod": 17, "timestamp": "2025-04-22T04:45:09.333Z"}}, {"model": "data.department", "pk": 6, "fields": {"name": "AIDS", "code": "d1", "hod": 17}}, {"model": "data.department", "pk": 7, "fields": {"name": "Computer", "code": "d2", "hod": 17}}, {"model": "data.collegeclass", "pk": 10, "fields": {"name": "SYBTECH-Computer", "department": 7, "shift": "Regular", "class_coordinator": 21}}, {"model": "data.collegeclass", "pk": 11, "fields": {"name": "SYBTECH-Computer", "department": 7, "shift": "Morning", "class_coordinator": 20}}, {"model": "data.collegeclass", "pk": 12, "fields": {"name": "SYBTECH-AIDS", "department": 6, "shift": "Regular", "class_coordinator": 13}}, {"model": "data.collegeclass", "pk": 13, "fields": {"name": "SYBTECH-AIDS", "department": 6, "shift": "Morning", "class_coordinator": 22}}, {"model": "data.subject", "pk": 16, "fields": {"name": "PS", "department": 6, "teacher": 16, "class_assigned": [12, 13]}}, {"model": "data.subject", "pk": 17, "fields": {"name": "DCN", "department": 6, "teacher": 14, "class_assigned": [12, 13]}}, {"model": "data.subject", "pk": 18, "fields": {"name": "DBMS", "department": 6, "teacher": 13, "class_assigned": [12, 13]}}, {"model": "data.subject", "pk": 19, "fields": {"name": "SE", "department": 6, "teacher": 15, "class_assigned": [12, 13]}}, {"model": "data.attendance", "pk": 15, "fields": {"student": 6, "subject": 17, "percentage": "75.00"}}, {"model": "data.attendance", "pk": 16, "fields": {"student": 6, "subject": 16, "percentage": "80.00"}}, {"model": "data.attendance", "pk": 17, "fields": {"student": 6, "subject": 19, "percentage": "85.00"}}, {"model": "data.attendance", "pk": 18, "fields": {"student": 6, "subject": 18, "percentage": "90.00"}}, {"model": "data.attendance", "pk": 19, "fields": {"student": 7, "subject": 17, "percentage": "65.00"}}, {"model": "data.attendance", "pk": 20, "fields": {"student": 7, "subject": 16, "percentage": "70.00"}}, {"model": "data.attendance", "pk": 21, "fields": {"student": 7, "subject": 19, "percentage": "75.00"}}, {"model": "data.attendance", "pk": 22, "fields": {"student": 7, "subject": 18, "percentage": "80.00"}}, {"model": "data.attendance", "pk": 23, "fields": {"student": 8, "subject": 17, "percentage": "76.00"}}, {"model": "data.attendance", "pk": 24, "fields": {"student": 8, "subject": 16, "percentage": "81.00"}}, {"model": "data.attendance", "pk": 25, "fields": {"student": 8, "subject": 19, "percentage": "86.00"}}, {"model": "data.attendance", "pk": 26, "fields": {"student": 8, "subject": 18, "percentage": "91.00"}}, {"model": "data.attendance", "pk": 27, "fields": {"student": 9, "subject": 17, "percentage": "71.00"}}, {"model": "data.attendance", "pk": 28, "fields": {"student": 9, "subject": 16, "percentage": "76.00"}}, {"model": "data.attendance", "pk": 29, "fields": {"student": 9, "subject": 19, "percentage": "81.00"}}, {"model": "data.attendance", "pk": 30, "fields": {"student": 9, "subject": 18, "percentage": "86.00"}}, {"model": "data.attendance", "pk": 31, "fields": {"student": 10, "subject": 17, "percentage": "81.00"}}, {"model": "data.attendance", "pk": 32, "fields": {"student": 10, "subject": 16, "percentage": "85.00"}}, {"model": "data.attendance", "pk": 33, "fields": {"student": 10, "subject": 19, "percentage": "90.00"}}, {"model": "data.attendance", "pk": 34, "fields": {"student": 10, "subject": 18, "percentage": "95.00"}}]